/*
 Navicat Premium Dump SQL

 Source Server         : dtbv
 Source Server Type    : MySQL
 Source Server Version : 80043 (8.0.43)
 Source Host           : localhost:3306
 Source Schema         : alias_db

 Target Server Type    : MySQL
 Target Server Version : 80043 (8.0.43)
 File Encoding         : 65001

 Date: 21/11/2025 22:04:34
*/

SET NAMES utf8mb4;
SET FOREIGN_KEY_CHECKS = 0;

-- ----------------------------
-- Table structure for categories
-- ----------------------------
DROP TABLE IF EXISTS `categories`;
CREATE TABLE `categories` (
  `id` int NOT NULL AUTO_INCREMENT,
  `name` varchar(255) NOT NULL,
  `slug` varchar(255) NOT NULL,
  `created_at` timestamp NULL DEFAULT CURRENT_TIMESTAMP,
  PRIMARY KEY (`id`),
  UNIQUE KEY `slug` (`slug`)
) ENGINE=InnoDB AUTO_INCREMENT=8 DEFAULT CHARSET=utf8mb4 COLLATE=utf8mb4_0900_ai_ci;

-- ----------------------------
-- Records of categories
-- ----------------------------
BEGIN;
INSERT INTO `categories` (`id`, `name`, `slug`, `created_at`) VALUES (1, 'Uncategorized', 'uncategorized', '2025-11-21 21:18:37');
INSERT INTO `categories` (`id`, `name`, `slug`, `created_at`) VALUES (2, 'Phân tích ngành', 'phan-tich-nganh', '2025-11-21 21:34:38');
INSERT INTO `categories` (`id`, `name`, `slug`, `created_at`) VALUES (3, 'Khuyến nghị cổ phiếu', 'khuyen-nghi-co-phieu', '2025-11-21 21:34:38');
INSERT INTO `categories` (`id`, `name`, `slug`, `created_at`) VALUES (4, 'Vĩ mô các ngành', 'vi-mo-cac-nganh', '2025-11-21 21:34:38');
INSERT INTO `categories` (`id`, `name`, `slug`, `created_at`) VALUES (5, 'Đầu tư BĐS 2025 – 2026', 'djau-tu-bdjs-2025-2026', '2025-11-21 21:34:38');
INSERT INTO `categories` (`id`, `name`, `slug`, `created_at`) VALUES (6, 'Tìm đối tác', 'tim-djoi-tac', '2025-11-21 21:34:38');
INSERT INTO `categories` (`id`, `name`, `slug`, `created_at`) VALUES (7, 'Nghiệp vụ tại VPS', 'nghiep-vu-tai-vps', '2025-11-21 21:34:38');
COMMIT;

-- ----------------------------
-- Table structure for posts
-- ----------------------------
DROP TABLE IF EXISTS `posts`;
CREATE TABLE `posts` (
  `id` int NOT NULL AUTO_INCREMENT,
  `title` varchar(255) NOT NULL,
  `slug` varchar(255) NOT NULL,
  `excerpt` text,
  `content` longtext,
  `thumbnail_url` varchar(255) DEFAULT NULL,
  `category_id` int DEFAULT NULL,
  `author_id` int DEFAULT NULL,
  `views` int DEFAULT '0',
  `created_at` timestamp NULL DEFAULT CURRENT_TIMESTAMP,
  `updated_at` timestamp NULL DEFAULT CURRENT_TIMESTAMP ON UPDATE CURRENT_TIMESTAMP,
  PRIMARY KEY (`id`),
  UNIQUE KEY `slug` (`slug`),
  KEY `category_id` (`category_id`),
  KEY `author_id` (`author_id`),
  CONSTRAINT `posts_ibfk_1` FOREIGN KEY (`category_id`) REFERENCES `categories` (`id`) ON DELETE SET NULL,
  CONSTRAINT `posts_ibfk_2` FOREIGN KEY (`author_id`) REFERENCES `users` (`id`) ON DELETE SET NULL
) ENGINE=InnoDB AUTO_INCREMENT=433 DEFAULT CHARSET=utf8mb4 COLLATE=utf8mb4_0900_ai_ci;

-- ----------------------------
-- Records of posts
-- ----------------------------
BEGIN;
INSERT INTO `posts` (`id`, `title`, `slug`, `excerpt`, `content`, `thumbnail_url`, `category_id`, `author_id`, `views`, `created_at`, `updated_at`) VALUES (2, 'Tham gia nhóm tư vấn của đội ngũ ALIAS.', 'tham-gia-nhom-tu-van-cua-djoi-ngu-alias', 'Chứng khoán là kênh đầu tư hội tự đầy đủ tinh hoa của nhân loại, với kiến thức và kinh nghiệm vượt trội, đội ngũ...', '<p>Chứng khoán là kênh đầu tư hội tự đầy đủ tinh hoa của nhân loại, với kiến thức và kinh nghiệm vượt trội, đội ngũ...</p><p>Lorem ipsum dolor sit amet, consectetur adipiscing elit. Sed do eiusmod tempor incididunt ut labore et dolore magna aliqua.</p>', 'https://alias.vn/wp-content/uploads/2024/05/alias.png', 1, 1, 0, '2025-11-21 21:18:37', '2025-11-21 21:18:37');
INSERT INTO `posts` (`id`, `title`, `slug`, `excerpt`, `content`, `thumbnail_url`, `category_id`, `author_id`, `views`, `created_at`, `updated_at`) VALUES (3, 'HAX – Chờ đợi bán đất.', 'hax-cho-djoi-ban-djat', 'HAX - còn lại gì sau thương vụ bán đất chưa thành....', '<p>HAX - còn lại gì sau thương vụ bán đất chưa thành....</p><p>Lorem ipsum dolor sit amet, consectetur adipiscing elit. Sed do eiusmod tempor incididunt ut labore et dolore magna aliqua.</p>', 'https://alias.vn/wp-content/uploads/2025/11/Screenshot-2025-11-20-163252.png', 1, 1, 0, '2025-11-21 21:18:37', '2025-11-21 21:18:37');
INSERT INTO `posts` (`id`, `title`, `slug`, `excerpt`, `content`, `thumbnail_url`, `category_id`, `author_id`, `views`, `created_at`, `updated_at`) VALUES (4, 'PDR – Mua dự án của công ty con gái.', 'pdr-mua-du-an-cua-cong-ty-con-gai', 'PDR thông qua chủ trương nhận chuyển nhượng toàn bộ phần vốn của Địa ốc Đại Quang Minh tại CTCP Đầu tư Thương mại Dịch...', '<p>PDR thông qua chủ trương nhận chuyển nhượng toàn bộ phần vốn của Địa ốc Đại Quang Minh tại CTCP Đầu tư Thương mại Dịch...</p><p>Lorem ipsum dolor sit amet, consectetur adipiscing elit. Sed do eiusmod tempor incididunt ut labore et dolore magna aliqua.</p>', 'https://alias.vn/wp-content/uploads/2025/11/image-172.png', 1, 1, 4, '2025-11-21 21:18:38', '2025-11-21 21:19:38');
INSERT INTO `posts` (`id`, `title`, `slug`, `excerpt`, `content`, `thumbnail_url`, `category_id`, `author_id`, `views`, `created_at`, `updated_at`) VALUES (5, 'CIR thấp – Chưa chắc đã là tốt.', 'cir-thap-chua-chac-dja-la-tot', 'Theo nghiên cứu và thống kê trên dữ liệu lớn, CIR dưới 40% được cho là rất tốt, 40 - 50% là tốt, 50 -...', '<p>Theo nghiên cứu và thống kê trên dữ liệu lớn, CIR dưới 40% được cho là rất tốt, 40 - 50% là tốt, 50 -...</p><p>Lorem ipsum dolor sit amet, consectetur adipiscing elit. Sed do eiusmod tempor incididunt ut labore et dolore magna aliqua.</p>', 'https://alias.vn/wp-content/uploads/2025/11/90FB4B3F-9213-449A-A896-432576720AD1.png', 1, 1, 0, '2025-11-21 21:18:38', '2025-11-21 21:18:38');
INSERT INTO `posts` (`id`, `title`, `slug`, `excerpt`, `content`, `thumbnail_url`, `category_id`, `author_id`, `views`, `created_at`, `updated_at`) VALUES (6, 'HPG – Hướng về nội địa.', 'hpg-huong-ve-noi-djia', 'Động lực tăng trưởng của HPG đến từ thị trường trong nước. Trong Q3/2025, doanh thu nước ngoài giảm 56%, còn doanh thu trong nước...', '<p>Động lực tăng trưởng của HPG đến từ thị trường trong nước. Trong Q3/2025, doanh thu nước ngoài giảm 56%, còn doanh thu trong nước...</p><p>Lorem ipsum dolor sit amet, consectetur adipiscing elit. Sed do eiusmod tempor incididunt ut labore et dolore magna aliqua.</p>', 'https://alias.vn/wp-content/uploads/2025/11/E2973D13-FC0F-4BC9-9A94-4B6B29CFC634.png', 1, 1, 0, '2025-11-21 21:18:38', '2025-11-21 21:18:38');
INSERT INTO `posts` (`id`, `title`, `slug`, `excerpt`, `content`, `thumbnail_url`, `category_id`, `author_id`, `views`, `created_at`, `updated_at`) VALUES (7, 'Những cú chuyển mình của kinh tế Việt Nam', 'nhung-cu-chuyen-minh-cua-kinh-te-viet-nam', 'Cập nhật xu hướng kinh doanh và đầu tư lớn ở trên thế giới, từ đó đưa ra dự báo về những cú chuyển mình...', '<p>Cập nhật xu hướng kinh doanh và đầu tư lớn ở trên thế giới, từ đó đưa ra dự báo về những cú chuyển mình...</p><p>Lorem ipsum dolor sit amet, consectetur adipiscing elit. Sed do eiusmod tempor incididunt ut labore et dolore magna aliqua.</p>', 'https://alias.vn/wp-content/uploads/2025/11/Screenshot-2025-11-19-113448.png', 1, 1, 0, '2025-11-21 21:18:38', '2025-11-21 21:18:38');
INSERT INTO `posts` (`id`, `title`, `slug`, `excerpt`, `content`, `thumbnail_url`, `category_id`, `author_id`, `views`, `created_at`, `updated_at`) VALUES (8, 'VOS – Hướng đi mới.', 'vos-huong-dji-moi', 'VOS đang tham gia cạnh tranh các gói thầu cung cấp và vận chuyển than với giá trị hàng nghìn tỷ đồng. Động thái này...', '<p>VOS đang tham gia cạnh tranh các gói thầu cung cấp và vận chuyển than với giá trị hàng nghìn tỷ đồng. Động thái này...</p><p>Lorem ipsum dolor sit amet, consectetur adipiscing elit. Sed do eiusmod tempor incididunt ut labore et dolore magna aliqua.</p>', 'https://alias.vn/wp-content/uploads/2025/11/image-166.png', 1, 1, 0, '2025-11-21 21:18:38', '2025-11-21 21:18:38');
INSERT INTO `posts` (`id`, `title`, `slug`, `excerpt`, `content`, `thumbnail_url`, `category_id`, `author_id`, `views`, `created_at`, `updated_at`) VALUES (9, '2 dự án hưởng lợi vành đai 3 TP Hồ Chí Minh', '2-du-an-huong-loi-vanh-djai-3-tp-ho-chi-minh', '2 siêu dự án được hưởng lợi lớn từ tuyến đường vành đai 3 TP Hồ Chí Minh....', '<p>2 siêu dự án được hưởng lợi lớn từ tuyến đường vành đai 3 TP Hồ Chí Minh....</p><p>Lorem ipsum dolor sit amet, consectetur adipiscing elit. Sed do eiusmod tempor incididunt ut labore et dolore magna aliqua.</p>', 'https://alias.vn/wp-content/uploads/2025/11/Screenshot-2025-11-18-141314.png', 1, 1, 0, '2025-11-21 21:18:38', '2025-11-21 21:18:38');
INSERT INTO `posts` (`id`, `title`, `slug`, `excerpt`, `content`, `thumbnail_url`, `category_id`, `author_id`, `views`, `created_at`, `updated_at`) VALUES (10, 'Cập nhật tiến độ các dự án của KDH.', 'cap-nhat-tien-djo-cac-du-an-cua-kdh', 'Tại ngày 11/11/2025, KDH đã tổ chức buổi gặp gỡ nhà đầu tư. Ban lãnh đạo chia sẻ triển vọng tích cực trong 2026 và...', '<p>Tại ngày 11/11/2025, KDH đã tổ chức buổi gặp gỡ nhà đầu tư. Ban lãnh đạo chia sẻ triển vọng tích cực trong 2026 và...</p><p>Lorem ipsum dolor sit amet, consectetur adipiscing elit. Sed do eiusmod tempor incididunt ut labore et dolore magna aliqua.</p>', 'https://alias.vn/wp-content/uploads/2025/11/4B22A2E3-15E8-4F0B-87B2-B09CBD2FF34D.png', 1, 1, 0, '2025-11-21 21:18:38', '2025-11-21 21:18:38');
INSERT INTO `posts` (`id`, `title`, `slug`, `excerpt`, `content`, `thumbnail_url`, `category_id`, `author_id`, `views`, `created_at`, `updated_at`) VALUES (11, 'KBC – Gấp thếp sự kỳ vọng.', 'kbc-gap-thep-su-ky-vong', 'KBC - khuếch đại tiềm năng, cú kích hoạt đến từ KĐT Tràng Cát 585 Ha....', '<p>KBC - khuếch đại tiềm năng, cú kích hoạt đến từ KĐT Tràng Cát 585 Ha....</p><p>Lorem ipsum dolor sit amet, consectetur adipiscing elit. Sed do eiusmod tempor incididunt ut labore et dolore magna aliqua.</p>', 'https://alias.vn/wp-content/uploads/2025/11/Capture.png', 1, 1, 0, '2025-11-21 21:18:38', '2025-11-21 21:18:38');
INSERT INTO `posts` (`id`, `title`, `slug`, `excerpt`, `content`, `thumbnail_url`, `category_id`, `author_id`, `views`, `created_at`, `updated_at`) VALUES (12, 'VCI – Chào bán riêng lẻ giá 31.', 'vci-chao-ban-rieng-le-gia-31', 'Vietcap thông qua việc triển khai phương án chào bán riêng lẻ 127,5 triệu cổ phiếu, tương đương hơn 17,6% số cổ phiếu đang lưu...', '<p>Vietcap thông qua việc triển khai phương án chào bán riêng lẻ 127,5 triệu cổ phiếu, tương đương hơn 17,6% số cổ phiếu đang lưu...</p><p>Lorem ipsum dolor sit amet, consectetur adipiscing elit. Sed do eiusmod tempor incididunt ut labore et dolore magna aliqua.</p>', 'https://alias.vn/wp-content/uploads/2025/11/image-145.png', 1, 1, 0, '2025-11-21 21:18:38', '2025-11-21 21:18:38');
INSERT INTO `posts` (`id`, `title`, `slug`, `excerpt`, `content`, `thumbnail_url`, `category_id`, `author_id`, `views`, `created_at`, `updated_at`) VALUES (223, 'Bài viết mẫu 1 - Uncategorized', 'bai-viet-mau-1-uncategorized', 'Đây là đoạn trích mẫu cho bài viết số 1 thuộc danh mục Uncategorized. Nội dung này được tạo tự động.', '<p>Đây là đoạn trích mẫu cho bài viết số 1 thuộc danh mục Uncategorized. Nội dung này được tạo tự động.</p><p>Lorem ipsum...</p>', 'https://alias.vn/wp-content/uploads/2022/07/cropped-banner_2-1.png', 1, 1, 0, '2022-01-01 07:00:00', '2025-11-21 21:43:27');
INSERT INTO `posts` (`id`, `title`, `slug`, `excerpt`, `content`, `thumbnail_url`, `category_id`, `author_id`, `views`, `created_at`, `updated_at`) VALUES (224, 'Bài viết mẫu 2 - Uncategorized', 'bai-viet-mau-2-uncategorized', 'Đây là đoạn trích mẫu cho bài viết số 2 thuộc danh mục Uncategorized. Nội dung này được tạo tự động.', '<p>Đây là đoạn trích mẫu cho bài viết số 2 thuộc danh mục Uncategorized. Nội dung này được tạo tự động.</p><p>Lorem ipsum...</p>', 'https://alias.vn/wp-content/uploads/2022/07/cropped-banner_2-1.png', 1, 1, 0, '2022-01-01 07:00:00', '2025-11-21 21:43:27');
INSERT INTO `posts` (`id`, `title`, `slug`, `excerpt`, `content`, `thumbnail_url`, `category_id`, `author_id`, `views`, `created_at`, `updated_at`) VALUES (225, 'Bài viết mẫu 3 - Uncategorized', 'bai-viet-mau-3-uncategorized', 'Đây là đoạn trích mẫu cho bài viết số 3 thuộc danh mục Uncategorized. Nội dung này được tạo tự động.', '<p>Đây là đoạn trích mẫu cho bài viết số 3 thuộc danh mục Uncategorized. Nội dung này được tạo tự động.</p><p>Lorem ipsum...</p>', 'https://alias.vn/wp-content/uploads/2022/07/cropped-banner_2-1.png', 1, 1, 0, '2022-01-01 07:00:00', '2025-11-21 21:43:27');
INSERT INTO `posts` (`id`, `title`, `slug`, `excerpt`, `content`, `thumbnail_url`, `category_id`, `author_id`, `views`, `created_at`, `updated_at`) VALUES (226, 'Bài viết mẫu 4 - Uncategorized', 'bai-viet-mau-4-uncategorized', 'Đây là đoạn trích mẫu cho bài viết số 4 thuộc danh mục Uncategorized. Nội dung này được tạo tự động.', '<p>Đây là đoạn trích mẫu cho bài viết số 4 thuộc danh mục Uncategorized. Nội dung này được tạo tự động.</p><p>Lorem ipsum...</p>', 'https://alias.vn/wp-content/uploads/2022/07/cropped-banner_2-1.png', 1, 1, 0, '2022-01-01 07:00:00', '2025-11-21 21:43:27');
INSERT INTO `posts` (`id`, `title`, `slug`, `excerpt`, `content`, `thumbnail_url`, `category_id`, `author_id`, `views`, `created_at`, `updated_at`) VALUES (227, 'Bài viết mẫu 5 - Uncategorized', 'bai-viet-mau-5-uncategorized', 'Đây là đoạn trích mẫu cho bài viết số 5 thuộc danh mục Uncategorized. Nội dung này được tạo tự động.', '<p>Đây là đoạn trích mẫu cho bài viết số 5 thuộc danh mục Uncategorized. Nội dung này được tạo tự động.</p><p>Lorem ipsum...</p>', 'https://alias.vn/wp-content/uploads/2022/07/cropped-banner_2-1.png', 1, 1, 0, '2022-01-01 07:00:00', '2025-11-21 21:43:27');
INSERT INTO `posts` (`id`, `title`, `slug`, `excerpt`, `content`, `thumbnail_url`, `category_id`, `author_id`, `views`, `created_at`, `updated_at`) VALUES (228, 'Bài viết mẫu 6 - Uncategorized', 'bai-viet-mau-6-uncategorized', 'Đây là đoạn trích mẫu cho bài viết số 6 thuộc danh mục Uncategorized. Nội dung này được tạo tự động.', '<p>Đây là đoạn trích mẫu cho bài viết số 6 thuộc danh mục Uncategorized. Nội dung này được tạo tự động.</p><p>Lorem ipsum...</p>', 'https://alias.vn/wp-content/uploads/2022/07/cropped-banner_2-1.png', 1, 1, 0, '2022-01-01 07:00:00', '2025-11-21 21:43:27');
INSERT INTO `posts` (`id`, `title`, `slug`, `excerpt`, `content`, `thumbnail_url`, `category_id`, `author_id`, `views`, `created_at`, `updated_at`) VALUES (229, 'Bài viết mẫu 7 - Uncategorized', 'bai-viet-mau-7-uncategorized', 'Đây là đoạn trích mẫu cho bài viết số 7 thuộc danh mục Uncategorized. Nội dung này được tạo tự động.', '<p>Đây là đoạn trích mẫu cho bài viết số 7 thuộc danh mục Uncategorized. Nội dung này được tạo tự động.</p><p>Lorem ipsum...</p>', 'https://alias.vn/wp-content/uploads/2022/07/cropped-banner_2-1.png', 1, 1, 0, '2022-01-01 07:00:00', '2025-11-21 21:43:27');
INSERT INTO `posts` (`id`, `title`, `slug`, `excerpt`, `content`, `thumbnail_url`, `category_id`, `author_id`, `views`, `created_at`, `updated_at`) VALUES (230, 'Bài viết mẫu 8 - Uncategorized', 'bai-viet-mau-8-uncategorized', 'Đây là đoạn trích mẫu cho bài viết số 8 thuộc danh mục Uncategorized. Nội dung này được tạo tự động.', '<p>Đây là đoạn trích mẫu cho bài viết số 8 thuộc danh mục Uncategorized. Nội dung này được tạo tự động.</p><p>Lorem ipsum...</p>', 'https://alias.vn/wp-content/uploads/2022/07/cropped-banner_2-1.png', 1, 1, 0, '2022-01-01 07:00:00', '2025-11-21 21:43:27');
INSERT INTO `posts` (`id`, `title`, `slug`, `excerpt`, `content`, `thumbnail_url`, `category_id`, `author_id`, `views`, `created_at`, `updated_at`) VALUES (231, 'Bài viết mẫu 9 - Uncategorized', 'bai-viet-mau-9-uncategorized', 'Đây là đoạn trích mẫu cho bài viết số 9 thuộc danh mục Uncategorized. Nội dung này được tạo tự động.', '<p>Đây là đoạn trích mẫu cho bài viết số 9 thuộc danh mục Uncategorized. Nội dung này được tạo tự động.</p><p>Lorem ipsum...</p>', 'https://alias.vn/wp-content/uploads/2022/07/cropped-banner_2-1.png', 1, 1, 0, '2022-01-01 07:00:00', '2025-11-21 21:43:27');
INSERT INTO `posts` (`id`, `title`, `slug`, `excerpt`, `content`, `thumbnail_url`, `category_id`, `author_id`, `views`, `created_at`, `updated_at`) VALUES (232, 'Bài viết mẫu 10 - Uncategorized', 'bai-viet-mau-10-uncategorized', 'Đây là đoạn trích mẫu cho bài viết số 10 thuộc danh mục Uncategorized. Nội dung này được tạo tự động.', '<p>Đây là đoạn trích mẫu cho bài viết số 10 thuộc danh mục Uncategorized. Nội dung này được tạo tự động.</p><p>Lorem ipsum...</p>', 'https://alias.vn/wp-content/uploads/2022/07/cropped-banner_2-1.png', 1, 1, 0, '2022-01-01 07:00:00', '2025-11-21 21:43:27');
INSERT INTO `posts` (`id`, `title`, `slug`, `excerpt`, `content`, `thumbnail_url`, `category_id`, `author_id`, `views`, `created_at`, `updated_at`) VALUES (233, 'Bài viết mẫu 11 - Uncategorized', 'bai-viet-mau-11-uncategorized', 'Đây là đoạn trích mẫu cho bài viết số 11 thuộc danh mục Uncategorized. Nội dung này được tạo tự động.', '<p>Đây là đoạn trích mẫu cho bài viết số 11 thuộc danh mục Uncategorized. Nội dung này được tạo tự động.</p><p>Lorem ipsum...</p>', 'https://alias.vn/wp-content/uploads/2022/07/cropped-banner_2-1.png', 1, 1, 0, '2022-01-01 07:00:00', '2025-11-21 21:43:27');
INSERT INTO `posts` (`id`, `title`, `slug`, `excerpt`, `content`, `thumbnail_url`, `category_id`, `author_id`, `views`, `created_at`, `updated_at`) VALUES (234, 'Bài viết mẫu 12 - Uncategorized', 'bai-viet-mau-12-uncategorized', 'Đây là đoạn trích mẫu cho bài viết số 12 thuộc danh mục Uncategorized. Nội dung này được tạo tự động.', '<p>Đây là đoạn trích mẫu cho bài viết số 12 thuộc danh mục Uncategorized. Nội dung này được tạo tự động.</p><p>Lorem ipsum...</p>', 'https://alias.vn/wp-content/uploads/2022/07/cropped-banner_2-1.png', 1, 1, 0, '2022-01-01 07:00:00', '2025-11-21 21:43:27');
INSERT INTO `posts` (`id`, `title`, `slug`, `excerpt`, `content`, `thumbnail_url`, `category_id`, `author_id`, `views`, `created_at`, `updated_at`) VALUES (235, 'Bài viết mẫu 13 - Uncategorized', 'bai-viet-mau-13-uncategorized', 'Đây là đoạn trích mẫu cho bài viết số 13 thuộc danh mục Uncategorized. Nội dung này được tạo tự động.', '<p>Đây là đoạn trích mẫu cho bài viết số 13 thuộc danh mục Uncategorized. Nội dung này được tạo tự động.</p><p>Lorem ipsum...</p>', 'https://alias.vn/wp-content/uploads/2022/07/cropped-banner_2-1.png', 1, 1, 0, '2022-01-01 07:00:00', '2025-11-21 21:43:27');
INSERT INTO `posts` (`id`, `title`, `slug`, `excerpt`, `content`, `thumbnail_url`, `category_id`, `author_id`, `views`, `created_at`, `updated_at`) VALUES (236, 'Bài viết mẫu 14 - Uncategorized', 'bai-viet-mau-14-uncategorized', 'Đây là đoạn trích mẫu cho bài viết số 14 thuộc danh mục Uncategorized. Nội dung này được tạo tự động.', '<p>Đây là đoạn trích mẫu cho bài viết số 14 thuộc danh mục Uncategorized. Nội dung này được tạo tự động.</p><p>Lorem ipsum...</p>', 'https://alias.vn/wp-content/uploads/2022/07/cropped-banner_2-1.png', 1, 1, 0, '2022-01-01 07:00:00', '2025-11-21 21:43:27');
INSERT INTO `posts` (`id`, `title`, `slug`, `excerpt`, `content`, `thumbnail_url`, `category_id`, `author_id`, `views`, `created_at`, `updated_at`) VALUES (237, 'Bài viết mẫu 15 - Uncategorized', 'bai-viet-mau-15-uncategorized', 'Đây là đoạn trích mẫu cho bài viết số 15 thuộc danh mục Uncategorized. Nội dung này được tạo tự động.', '<p>Đây là đoạn trích mẫu cho bài viết số 15 thuộc danh mục Uncategorized. Nội dung này được tạo tự động.</p><p>Lorem ipsum...</p>', 'https://alias.vn/wp-content/uploads/2022/07/cropped-banner_2-1.png', 1, 1, 0, '2022-01-01 07:00:00', '2025-11-21 21:43:27');
INSERT INTO `posts` (`id`, `title`, `slug`, `excerpt`, `content`, `thumbnail_url`, `category_id`, `author_id`, `views`, `created_at`, `updated_at`) VALUES (238, 'Bài viết mẫu 16 - Uncategorized', 'bai-viet-mau-16-uncategorized', 'Đây là đoạn trích mẫu cho bài viết số 16 thuộc danh mục Uncategorized. Nội dung này được tạo tự động.', '<p>Đây là đoạn trích mẫu cho bài viết số 16 thuộc danh mục Uncategorized. Nội dung này được tạo tự động.</p><p>Lorem ipsum...</p>', 'https://alias.vn/wp-content/uploads/2022/07/cropped-banner_2-1.png', 1, 1, 0, '2022-01-01 07:00:00', '2025-11-21 21:43:27');
INSERT INTO `posts` (`id`, `title`, `slug`, `excerpt`, `content`, `thumbnail_url`, `category_id`, `author_id`, `views`, `created_at`, `updated_at`) VALUES (239, 'Bài viết mẫu 17 - Uncategorized', 'bai-viet-mau-17-uncategorized', 'Đây là đoạn trích mẫu cho bài viết số 17 thuộc danh mục Uncategorized. Nội dung này được tạo tự động.', '<p>Đây là đoạn trích mẫu cho bài viết số 17 thuộc danh mục Uncategorized. Nội dung này được tạo tự động.</p><p>Lorem ipsum...</p>', 'https://alias.vn/wp-content/uploads/2022/07/cropped-banner_2-1.png', 1, 1, 0, '2022-01-01 07:00:00', '2025-11-21 21:43:27');
INSERT INTO `posts` (`id`, `title`, `slug`, `excerpt`, `content`, `thumbnail_url`, `category_id`, `author_id`, `views`, `created_at`, `updated_at`) VALUES (240, 'Bài viết mẫu 18 - Uncategorized', 'bai-viet-mau-18-uncategorized', 'Đây là đoạn trích mẫu cho bài viết số 18 thuộc danh mục Uncategorized. Nội dung này được tạo tự động.', '<p>Đây là đoạn trích mẫu cho bài viết số 18 thuộc danh mục Uncategorized. Nội dung này được tạo tự động.</p><p>Lorem ipsum...</p>', 'https://alias.vn/wp-content/uploads/2022/07/cropped-banner_2-1.png', 1, 1, 0, '2022-01-01 07:00:00', '2025-11-21 21:43:27');
INSERT INTO `posts` (`id`, `title`, `slug`, `excerpt`, `content`, `thumbnail_url`, `category_id`, `author_id`, `views`, `created_at`, `updated_at`) VALUES (241, 'Bài viết mẫu 19 - Uncategorized', 'bai-viet-mau-19-uncategorized', 'Đây là đoạn trích mẫu cho bài viết số 19 thuộc danh mục Uncategorized. Nội dung này được tạo tự động.', '<p>Đây là đoạn trích mẫu cho bài viết số 19 thuộc danh mục Uncategorized. Nội dung này được tạo tự động.</p><p>Lorem ipsum...</p>', 'https://alias.vn/wp-content/uploads/2022/07/cropped-banner_2-1.png', 1, 1, 0, '2022-01-01 07:00:00', '2025-11-21 21:43:27');
INSERT INTO `posts` (`id`, `title`, `slug`, `excerpt`, `content`, `thumbnail_url`, `category_id`, `author_id`, `views`, `created_at`, `updated_at`) VALUES (242, 'Bài viết mẫu 20 - Uncategorized', 'bai-viet-mau-20-uncategorized', 'Đây là đoạn trích mẫu cho bài viết số 20 thuộc danh mục Uncategorized. Nội dung này được tạo tự động.', '<p>Đây là đoạn trích mẫu cho bài viết số 20 thuộc danh mục Uncategorized. Nội dung này được tạo tự động.</p><p>Lorem ipsum...</p>', 'https://alias.vn/wp-content/uploads/2022/07/cropped-banner_2-1.png', 1, 1, 0, '2022-01-01 07:00:00', '2025-11-21 21:43:27');
INSERT INTO `posts` (`id`, `title`, `slug`, `excerpt`, `content`, `thumbnail_url`, `category_id`, `author_id`, `views`, `created_at`, `updated_at`) VALUES (243, 'Bài viết mẫu 21 - Uncategorized', 'bai-viet-mau-21-uncategorized', 'Đây là đoạn trích mẫu cho bài viết số 21 thuộc danh mục Uncategorized. Nội dung này được tạo tự động.', '<p>Đây là đoạn trích mẫu cho bài viết số 21 thuộc danh mục Uncategorized. Nội dung này được tạo tự động.</p><p>Lorem ipsum...</p>', 'https://alias.vn/wp-content/uploads/2022/07/cropped-banner_2-1.png', 1, 1, 0, '2022-01-01 07:00:00', '2025-11-21 21:43:27');
INSERT INTO `posts` (`id`, `title`, `slug`, `excerpt`, `content`, `thumbnail_url`, `category_id`, `author_id`, `views`, `created_at`, `updated_at`) VALUES (244, 'Bài viết mẫu 22 - Uncategorized', 'bai-viet-mau-22-uncategorized', 'Đây là đoạn trích mẫu cho bài viết số 22 thuộc danh mục Uncategorized. Nội dung này được tạo tự động.', '<p>Đây là đoạn trích mẫu cho bài viết số 22 thuộc danh mục Uncategorized. Nội dung này được tạo tự động.</p><p>Lorem ipsum...</p>', 'https://alias.vn/wp-content/uploads/2022/07/cropped-banner_2-1.png', 1, 1, 0, '2022-01-01 07:00:00', '2025-11-21 21:43:27');
INSERT INTO `posts` (`id`, `title`, `slug`, `excerpt`, `content`, `thumbnail_url`, `category_id`, `author_id`, `views`, `created_at`, `updated_at`) VALUES (245, 'Bài viết mẫu 23 - Uncategorized', 'bai-viet-mau-23-uncategorized', 'Đây là đoạn trích mẫu cho bài viết số 23 thuộc danh mục Uncategorized. Nội dung này được tạo tự động.', '<p>Đây là đoạn trích mẫu cho bài viết số 23 thuộc danh mục Uncategorized. Nội dung này được tạo tự động.</p><p>Lorem ipsum...</p>', 'https://alias.vn/wp-content/uploads/2022/07/cropped-banner_2-1.png', 1, 1, 0, '2022-01-01 07:00:00', '2025-11-21 21:43:27');
INSERT INTO `posts` (`id`, `title`, `slug`, `excerpt`, `content`, `thumbnail_url`, `category_id`, `author_id`, `views`, `created_at`, `updated_at`) VALUES (246, 'Bài viết mẫu 24 - Uncategorized', 'bai-viet-mau-24-uncategorized', 'Đây là đoạn trích mẫu cho bài viết số 24 thuộc danh mục Uncategorized. Nội dung này được tạo tự động.', '<p>Đây là đoạn trích mẫu cho bài viết số 24 thuộc danh mục Uncategorized. Nội dung này được tạo tự động.</p><p>Lorem ipsum...</p>', 'https://alias.vn/wp-content/uploads/2022/07/cropped-banner_2-1.png', 1, 1, 0, '2022-01-01 07:00:00', '2025-11-21 21:43:27');
INSERT INTO `posts` (`id`, `title`, `slug`, `excerpt`, `content`, `thumbnail_url`, `category_id`, `author_id`, `views`, `created_at`, `updated_at`) VALUES (247, 'Bài viết mẫu 25 - Uncategorized', 'bai-viet-mau-25-uncategorized', 'Đây là đoạn trích mẫu cho bài viết số 25 thuộc danh mục Uncategorized. Nội dung này được tạo tự động.', '<p>Đây là đoạn trích mẫu cho bài viết số 25 thuộc danh mục Uncategorized. Nội dung này được tạo tự động.</p><p>Lorem ipsum...</p>', 'https://alias.vn/wp-content/uploads/2022/07/cropped-banner_2-1.png', 1, 1, 0, '2022-01-01 07:00:00', '2025-11-21 21:43:27');
INSERT INTO `posts` (`id`, `title`, `slug`, `excerpt`, `content`, `thumbnail_url`, `category_id`, `author_id`, `views`, `created_at`, `updated_at`) VALUES (248, 'Bài viết mẫu 26 - Uncategorized', 'bai-viet-mau-26-uncategorized', 'Đây là đoạn trích mẫu cho bài viết số 26 thuộc danh mục Uncategorized. Nội dung này được tạo tự động.', '<p>Đây là đoạn trích mẫu cho bài viết số 26 thuộc danh mục Uncategorized. Nội dung này được tạo tự động.</p><p>Lorem ipsum...</p>', 'https://alias.vn/wp-content/uploads/2022/07/cropped-banner_2-1.png', 1, 1, 0, '2022-01-01 07:00:00', '2025-11-21 21:43:27');
INSERT INTO `posts` (`id`, `title`, `slug`, `excerpt`, `content`, `thumbnail_url`, `category_id`, `author_id`, `views`, `created_at`, `updated_at`) VALUES (249, 'Bài viết mẫu 27 - Uncategorized', 'bai-viet-mau-27-uncategorized', 'Đây là đoạn trích mẫu cho bài viết số 27 thuộc danh mục Uncategorized. Nội dung này được tạo tự động.', '<p>Đây là đoạn trích mẫu cho bài viết số 27 thuộc danh mục Uncategorized. Nội dung này được tạo tự động.</p><p>Lorem ipsum...</p>', 'https://alias.vn/wp-content/uploads/2022/07/cropped-banner_2-1.png', 1, 1, 0, '2022-01-01 07:00:00', '2025-11-21 21:43:27');
INSERT INTO `posts` (`id`, `title`, `slug`, `excerpt`, `content`, `thumbnail_url`, `category_id`, `author_id`, `views`, `created_at`, `updated_at`) VALUES (250, 'Bài viết mẫu 28 - Uncategorized', 'bai-viet-mau-28-uncategorized', 'Đây là đoạn trích mẫu cho bài viết số 28 thuộc danh mục Uncategorized. Nội dung này được tạo tự động.', '<p>Đây là đoạn trích mẫu cho bài viết số 28 thuộc danh mục Uncategorized. Nội dung này được tạo tự động.</p><p>Lorem ipsum...</p>', 'https://alias.vn/wp-content/uploads/2022/07/cropped-banner_2-1.png', 1, 1, 0, '2022-01-01 07:00:00', '2025-11-21 21:43:27');
INSERT INTO `posts` (`id`, `title`, `slug`, `excerpt`, `content`, `thumbnail_url`, `category_id`, `author_id`, `views`, `created_at`, `updated_at`) VALUES (251, 'Bài viết mẫu 29 - Uncategorized', 'bai-viet-mau-29-uncategorized', 'Đây là đoạn trích mẫu cho bài viết số 29 thuộc danh mục Uncategorized. Nội dung này được tạo tự động.', '<p>Đây là đoạn trích mẫu cho bài viết số 29 thuộc danh mục Uncategorized. Nội dung này được tạo tự động.</p><p>Lorem ipsum...</p>', 'https://alias.vn/wp-content/uploads/2022/07/cropped-banner_2-1.png', 1, 1, 0, '2022-01-01 07:00:00', '2025-11-21 21:43:27');
INSERT INTO `posts` (`id`, `title`, `slug`, `excerpt`, `content`, `thumbnail_url`, `category_id`, `author_id`, `views`, `created_at`, `updated_at`) VALUES (252, 'Bài viết mẫu 30 - Uncategorized', 'bai-viet-mau-30-uncategorized', 'Đây là đoạn trích mẫu cho bài viết số 30 thuộc danh mục Uncategorized. Nội dung này được tạo tự động.', '<p>Đây là đoạn trích mẫu cho bài viết số 30 thuộc danh mục Uncategorized. Nội dung này được tạo tự động.</p><p>Lorem ipsum...</p>', 'https://alias.vn/wp-content/uploads/2022/07/cropped-banner_2-1.png', 1, 1, 0, '2022-01-01 07:00:00', '2025-11-21 21:43:27');
INSERT INTO `posts` (`id`, `title`, `slug`, `excerpt`, `content`, `thumbnail_url`, `category_id`, `author_id`, `views`, `created_at`, `updated_at`) VALUES (253, 'Bài viết mẫu 1 - Phân tích ngành', 'bai-viet-mau-1-phan-tich-nganh', 'Đây là đoạn trích mẫu cho bài viết số 1 thuộc danh mục Phân tích ngành. Nội dung này được tạo tự động.', '<p>Đây là đoạn trích mẫu cho bài viết số 1 thuộc danh mục Phân tích ngành. Nội dung này được tạo tự động.</p><p>Lorem ipsum...</p>', 'https://alias.vn/wp-content/uploads/2022/07/cropped-banner_2-1.png', 2, 1, 0, '2022-01-01 07:00:00', '2025-11-21 21:43:27');
INSERT INTO `posts` (`id`, `title`, `slug`, `excerpt`, `content`, `thumbnail_url`, `category_id`, `author_id`, `views`, `created_at`, `updated_at`) VALUES (254, 'Bài viết mẫu 2 - Phân tích ngành', 'bai-viet-mau-2-phan-tich-nganh', 'Đây là đoạn trích mẫu cho bài viết số 2 thuộc danh mục Phân tích ngành. Nội dung này được tạo tự động.', '<p>Đây là đoạn trích mẫu cho bài viết số 2 thuộc danh mục Phân tích ngành. Nội dung này được tạo tự động.</p><p>Lorem ipsum...</p>', 'https://alias.vn/wp-content/uploads/2022/07/cropped-banner_2-1.png', 2, 1, 0, '2022-01-01 07:00:00', '2025-11-21 21:43:27');
INSERT INTO `posts` (`id`, `title`, `slug`, `excerpt`, `content`, `thumbnail_url`, `category_id`, `author_id`, `views`, `created_at`, `updated_at`) VALUES (255, 'Bài viết mẫu 3 - Phân tích ngành', 'bai-viet-mau-3-phan-tich-nganh', 'Đây là đoạn trích mẫu cho bài viết số 3 thuộc danh mục Phân tích ngành. Nội dung này được tạo tự động.', '<p>Đây là đoạn trích mẫu cho bài viết số 3 thuộc danh mục Phân tích ngành. Nội dung này được tạo tự động.</p><p>Lorem ipsum...</p>', 'https://alias.vn/wp-content/uploads/2022/07/cropped-banner_2-1.png', 2, 1, 0, '2022-01-01 07:00:00', '2025-11-21 21:43:27');
INSERT INTO `posts` (`id`, `title`, `slug`, `excerpt`, `content`, `thumbnail_url`, `category_id`, `author_id`, `views`, `created_at`, `updated_at`) VALUES (256, 'Bài viết mẫu 4 - Phân tích ngành', 'bai-viet-mau-4-phan-tich-nganh', 'Đây là đoạn trích mẫu cho bài viết số 4 thuộc danh mục Phân tích ngành. Nội dung này được tạo tự động.', '<p>Đây là đoạn trích mẫu cho bài viết số 4 thuộc danh mục Phân tích ngành. Nội dung này được tạo tự động.</p><p>Lorem ipsum...</p>', 'https://alias.vn/wp-content/uploads/2022/07/cropped-banner_2-1.png', 2, 1, 0, '2022-01-01 07:00:00', '2025-11-21 21:43:27');
INSERT INTO `posts` (`id`, `title`, `slug`, `excerpt`, `content`, `thumbnail_url`, `category_id`, `author_id`, `views`, `created_at`, `updated_at`) VALUES (257, 'Bài viết mẫu 5 - Phân tích ngành', 'bai-viet-mau-5-phan-tich-nganh', 'Đây là đoạn trích mẫu cho bài viết số 5 thuộc danh mục Phân tích ngành. Nội dung này được tạo tự động.', '<p>Đây là đoạn trích mẫu cho bài viết số 5 thuộc danh mục Phân tích ngành. Nội dung này được tạo tự động.</p><p>Lorem ipsum...</p>', 'https://alias.vn/wp-content/uploads/2022/07/cropped-banner_2-1.png', 2, 1, 0, '2022-01-01 07:00:00', '2025-11-21 21:43:27');
INSERT INTO `posts` (`id`, `title`, `slug`, `excerpt`, `content`, `thumbnail_url`, `category_id`, `author_id`, `views`, `created_at`, `updated_at`) VALUES (258, 'Bài viết mẫu 6 - Phân tích ngành', 'bai-viet-mau-6-phan-tich-nganh', 'Đây là đoạn trích mẫu cho bài viết số 6 thuộc danh mục Phân tích ngành. Nội dung này được tạo tự động.', '<p>Đây là đoạn trích mẫu cho bài viết số 6 thuộc danh mục Phân tích ngành. Nội dung này được tạo tự động.</p><p>Lorem ipsum...</p>', 'https://alias.vn/wp-content/uploads/2022/07/cropped-banner_2-1.png', 2, 1, 0, '2022-01-01 07:00:00', '2025-11-21 21:43:27');
INSERT INTO `posts` (`id`, `title`, `slug`, `excerpt`, `content`, `thumbnail_url`, `category_id`, `author_id`, `views`, `created_at`, `updated_at`) VALUES (259, 'Bài viết mẫu 7 - Phân tích ngành', 'bai-viet-mau-7-phan-tich-nganh', 'Đây là đoạn trích mẫu cho bài viết số 7 thuộc danh mục Phân tích ngành. Nội dung này được tạo tự động.', '<p>Đây là đoạn trích mẫu cho bài viết số 7 thuộc danh mục Phân tích ngành. Nội dung này được tạo tự động.</p><p>Lorem ipsum...</p>', 'https://alias.vn/wp-content/uploads/2022/07/cropped-banner_2-1.png', 2, 1, 0, '2022-01-01 07:00:00', '2025-11-21 21:43:27');
INSERT INTO `posts` (`id`, `title`, `slug`, `excerpt`, `content`, `thumbnail_url`, `category_id`, `author_id`, `views`, `created_at`, `updated_at`) VALUES (260, 'Bài viết mẫu 8 - Phân tích ngành', 'bai-viet-mau-8-phan-tich-nganh', 'Đây là đoạn trích mẫu cho bài viết số 8 thuộc danh mục Phân tích ngành. Nội dung này được tạo tự động.', '<p>Đây là đoạn trích mẫu cho bài viết số 8 thuộc danh mục Phân tích ngành. Nội dung này được tạo tự động.</p><p>Lorem ipsum...</p>', 'https://alias.vn/wp-content/uploads/2022/07/cropped-banner_2-1.png', 2, 1, 0, '2022-01-01 07:00:00', '2025-11-21 21:43:27');
INSERT INTO `posts` (`id`, `title`, `slug`, `excerpt`, `content`, `thumbnail_url`, `category_id`, `author_id`, `views`, `created_at`, `updated_at`) VALUES (261, 'Bài viết mẫu 9 - Phân tích ngành', 'bai-viet-mau-9-phan-tich-nganh', 'Đây là đoạn trích mẫu cho bài viết số 9 thuộc danh mục Phân tích ngành. Nội dung này được tạo tự động.', '<p>Đây là đoạn trích mẫu cho bài viết số 9 thuộc danh mục Phân tích ngành. Nội dung này được tạo tự động.</p><p>Lorem ipsum...</p>', 'https://alias.vn/wp-content/uploads/2022/07/cropped-banner_2-1.png', 2, 1, 0, '2022-01-01 07:00:00', '2025-11-21 21:43:27');
INSERT INTO `posts` (`id`, `title`, `slug`, `excerpt`, `content`, `thumbnail_url`, `category_id`, `author_id`, `views`, `created_at`, `updated_at`) VALUES (262, 'Bài viết mẫu 10 - Phân tích ngành', 'bai-viet-mau-10-phan-tich-nganh', 'Đây là đoạn trích mẫu cho bài viết số 10 thuộc danh mục Phân tích ngành. Nội dung này được tạo tự động.', '<p>Đây là đoạn trích mẫu cho bài viết số 10 thuộc danh mục Phân tích ngành. Nội dung này được tạo tự động.</p><p>Lorem ipsum...</p>', 'https://alias.vn/wp-content/uploads/2022/07/cropped-banner_2-1.png', 2, 1, 0, '2022-01-01 07:00:00', '2025-11-21 21:43:27');
INSERT INTO `posts` (`id`, `title`, `slug`, `excerpt`, `content`, `thumbnail_url`, `category_id`, `author_id`, `views`, `created_at`, `updated_at`) VALUES (263, 'Bài viết mẫu 11 - Phân tích ngành', 'bai-viet-mau-11-phan-tich-nganh', 'Đây là đoạn trích mẫu cho bài viết số 11 thuộc danh mục Phân tích ngành. Nội dung này được tạo tự động.', '<p>Đây là đoạn trích mẫu cho bài viết số 11 thuộc danh mục Phân tích ngành. Nội dung này được tạo tự động.</p><p>Lorem ipsum...</p>', 'https://alias.vn/wp-content/uploads/2022/07/cropped-banner_2-1.png', 2, 1, 0, '2022-01-01 07:00:00', '2025-11-21 21:43:27');
INSERT INTO `posts` (`id`, `title`, `slug`, `excerpt`, `content`, `thumbnail_url`, `category_id`, `author_id`, `views`, `created_at`, `updated_at`) VALUES (264, 'Bài viết mẫu 12 - Phân tích ngành', 'bai-viet-mau-12-phan-tich-nganh', 'Đây là đoạn trích mẫu cho bài viết số 12 thuộc danh mục Phân tích ngành. Nội dung này được tạo tự động.', '<p>Đây là đoạn trích mẫu cho bài viết số 12 thuộc danh mục Phân tích ngành. Nội dung này được tạo tự động.</p><p>Lorem ipsum...</p>', 'https://alias.vn/wp-content/uploads/2022/07/cropped-banner_2-1.png', 2, 1, 0, '2022-01-01 07:00:00', '2025-11-21 21:43:27');
INSERT INTO `posts` (`id`, `title`, `slug`, `excerpt`, `content`, `thumbnail_url`, `category_id`, `author_id`, `views`, `created_at`, `updated_at`) VALUES (265, 'Bài viết mẫu 13 - Phân tích ngành', 'bai-viet-mau-13-phan-tich-nganh', 'Đây là đoạn trích mẫu cho bài viết số 13 thuộc danh mục Phân tích ngành. Nội dung này được tạo tự động.', '<p>Đây là đoạn trích mẫu cho bài viết số 13 thuộc danh mục Phân tích ngành. Nội dung này được tạo tự động.</p><p>Lorem ipsum...</p>', 'https://alias.vn/wp-content/uploads/2022/07/cropped-banner_2-1.png', 2, 1, 0, '2022-01-01 07:00:00', '2025-11-21 21:43:27');
INSERT INTO `posts` (`id`, `title`, `slug`, `excerpt`, `content`, `thumbnail_url`, `category_id`, `author_id`, `views`, `created_at`, `updated_at`) VALUES (266, 'Bài viết mẫu 14 - Phân tích ngành', 'bai-viet-mau-14-phan-tich-nganh', 'Đây là đoạn trích mẫu cho bài viết số 14 thuộc danh mục Phân tích ngành. Nội dung này được tạo tự động.', '<p>Đây là đoạn trích mẫu cho bài viết số 14 thuộc danh mục Phân tích ngành. Nội dung này được tạo tự động.</p><p>Lorem ipsum...</p>', 'https://alias.vn/wp-content/uploads/2022/07/cropped-banner_2-1.png', 2, 1, 0, '2022-01-01 07:00:00', '2025-11-21 21:43:27');
INSERT INTO `posts` (`id`, `title`, `slug`, `excerpt`, `content`, `thumbnail_url`, `category_id`, `author_id`, `views`, `created_at`, `updated_at`) VALUES (267, 'Bài viết mẫu 15 - Phân tích ngành', 'bai-viet-mau-15-phan-tich-nganh', 'Đây là đoạn trích mẫu cho bài viết số 15 thuộc danh mục Phân tích ngành. Nội dung này được tạo tự động.', '<p>Đây là đoạn trích mẫu cho bài viết số 15 thuộc danh mục Phân tích ngành. Nội dung này được tạo tự động.</p><p>Lorem ipsum...</p>', 'https://alias.vn/wp-content/uploads/2022/07/cropped-banner_2-1.png', 2, 1, 0, '2022-01-01 07:00:00', '2025-11-21 21:43:27');
INSERT INTO `posts` (`id`, `title`, `slug`, `excerpt`, `content`, `thumbnail_url`, `category_id`, `author_id`, `views`, `created_at`, `updated_at`) VALUES (268, 'Bài viết mẫu 16 - Phân tích ngành', 'bai-viet-mau-16-phan-tich-nganh', 'Đây là đoạn trích mẫu cho bài viết số 16 thuộc danh mục Phân tích ngành. Nội dung này được tạo tự động.', '<p>Đây là đoạn trích mẫu cho bài viết số 16 thuộc danh mục Phân tích ngành. Nội dung này được tạo tự động.</p><p>Lorem ipsum...</p>', 'https://alias.vn/wp-content/uploads/2022/07/cropped-banner_2-1.png', 2, 1, 0, '2022-01-01 07:00:00', '2025-11-21 21:43:27');
INSERT INTO `posts` (`id`, `title`, `slug`, `excerpt`, `content`, `thumbnail_url`, `category_id`, `author_id`, `views`, `created_at`, `updated_at`) VALUES (269, 'Bài viết mẫu 17 - Phân tích ngành', 'bai-viet-mau-17-phan-tich-nganh', 'Đây là đoạn trích mẫu cho bài viết số 17 thuộc danh mục Phân tích ngành. Nội dung này được tạo tự động.', '<p>Đây là đoạn trích mẫu cho bài viết số 17 thuộc danh mục Phân tích ngành. Nội dung này được tạo tự động.</p><p>Lorem ipsum...</p>', 'https://alias.vn/wp-content/uploads/2022/07/cropped-banner_2-1.png', 2, 1, 0, '2022-01-01 07:00:00', '2025-11-21 21:43:27');
INSERT INTO `posts` (`id`, `title`, `slug`, `excerpt`, `content`, `thumbnail_url`, `category_id`, `author_id`, `views`, `created_at`, `updated_at`) VALUES (270, 'Bài viết mẫu 18 - Phân tích ngành', 'bai-viet-mau-18-phan-tich-nganh', 'Đây là đoạn trích mẫu cho bài viết số 18 thuộc danh mục Phân tích ngành. Nội dung này được tạo tự động.', '<p>Đây là đoạn trích mẫu cho bài viết số 18 thuộc danh mục Phân tích ngành. Nội dung này được tạo tự động.</p><p>Lorem ipsum...</p>', 'https://alias.vn/wp-content/uploads/2022/07/cropped-banner_2-1.png', 2, 1, 0, '2022-01-01 07:00:00', '2025-11-21 21:43:27');
INSERT INTO `posts` (`id`, `title`, `slug`, `excerpt`, `content`, `thumbnail_url`, `category_id`, `author_id`, `views`, `created_at`, `updated_at`) VALUES (271, 'Bài viết mẫu 19 - Phân tích ngành', 'bai-viet-mau-19-phan-tich-nganh', 'Đây là đoạn trích mẫu cho bài viết số 19 thuộc danh mục Phân tích ngành. Nội dung này được tạo tự động.', '<p>Đây là đoạn trích mẫu cho bài viết số 19 thuộc danh mục Phân tích ngành. Nội dung này được tạo tự động.</p><p>Lorem ipsum...</p>', 'https://alias.vn/wp-content/uploads/2022/07/cropped-banner_2-1.png', 2, 1, 0, '2022-01-01 07:00:00', '2025-11-21 21:43:27');
INSERT INTO `posts` (`id`, `title`, `slug`, `excerpt`, `content`, `thumbnail_url`, `category_id`, `author_id`, `views`, `created_at`, `updated_at`) VALUES (272, 'Bài viết mẫu 20 - Phân tích ngành', 'bai-viet-mau-20-phan-tich-nganh', 'Đây là đoạn trích mẫu cho bài viết số 20 thuộc danh mục Phân tích ngành. Nội dung này được tạo tự động.', '<p>Đây là đoạn trích mẫu cho bài viết số 20 thuộc danh mục Phân tích ngành. Nội dung này được tạo tự động.</p><p>Lorem ipsum...</p>', 'https://alias.vn/wp-content/uploads/2022/07/cropped-banner_2-1.png', 2, 1, 0, '2022-01-01 07:00:00', '2025-11-21 21:43:27');
INSERT INTO `posts` (`id`, `title`, `slug`, `excerpt`, `content`, `thumbnail_url`, `category_id`, `author_id`, `views`, `created_at`, `updated_at`) VALUES (273, 'Bài viết mẫu 21 - Phân tích ngành', 'bai-viet-mau-21-phan-tich-nganh', 'Đây là đoạn trích mẫu cho bài viết số 21 thuộc danh mục Phân tích ngành. Nội dung này được tạo tự động.', '<p>Đây là đoạn trích mẫu cho bài viết số 21 thuộc danh mục Phân tích ngành. Nội dung này được tạo tự động.</p><p>Lorem ipsum...</p>', 'https://alias.vn/wp-content/uploads/2022/07/cropped-banner_2-1.png', 2, 1, 0, '2022-01-01 07:00:00', '2025-11-21 21:43:27');
INSERT INTO `posts` (`id`, `title`, `slug`, `excerpt`, `content`, `thumbnail_url`, `category_id`, `author_id`, `views`, `created_at`, `updated_at`) VALUES (274, 'Bài viết mẫu 22 - Phân tích ngành', 'bai-viet-mau-22-phan-tich-nganh', 'Đây là đoạn trích mẫu cho bài viết số 22 thuộc danh mục Phân tích ngành. Nội dung này được tạo tự động.', '<p>Đây là đoạn trích mẫu cho bài viết số 22 thuộc danh mục Phân tích ngành. Nội dung này được tạo tự động.</p><p>Lorem ipsum...</p>', 'https://alias.vn/wp-content/uploads/2022/07/cropped-banner_2-1.png', 2, 1, 0, '2022-01-01 07:00:00', '2025-11-21 21:43:27');
INSERT INTO `posts` (`id`, `title`, `slug`, `excerpt`, `content`, `thumbnail_url`, `category_id`, `author_id`, `views`, `created_at`, `updated_at`) VALUES (275, 'Bài viết mẫu 23 - Phân tích ngành', 'bai-viet-mau-23-phan-tich-nganh', 'Đây là đoạn trích mẫu cho bài viết số 23 thuộc danh mục Phân tích ngành. Nội dung này được tạo tự động.', '<p>Đây là đoạn trích mẫu cho bài viết số 23 thuộc danh mục Phân tích ngành. Nội dung này được tạo tự động.</p><p>Lorem ipsum...</p>', 'https://alias.vn/wp-content/uploads/2022/07/cropped-banner_2-1.png', 2, 1, 0, '2022-01-01 07:00:00', '2025-11-21 21:43:27');
INSERT INTO `posts` (`id`, `title`, `slug`, `excerpt`, `content`, `thumbnail_url`, `category_id`, `author_id`, `views`, `created_at`, `updated_at`) VALUES (276, 'Bài viết mẫu 24 - Phân tích ngành', 'bai-viet-mau-24-phan-tich-nganh', 'Đây là đoạn trích mẫu cho bài viết số 24 thuộc danh mục Phân tích ngành. Nội dung này được tạo tự động.', '<p>Đây là đoạn trích mẫu cho bài viết số 24 thuộc danh mục Phân tích ngành. Nội dung này được tạo tự động.</p><p>Lorem ipsum...</p>', 'https://alias.vn/wp-content/uploads/2022/07/cropped-banner_2-1.png', 2, 1, 0, '2022-01-01 07:00:00', '2025-11-21 21:43:27');
INSERT INTO `posts` (`id`, `title`, `slug`, `excerpt`, `content`, `thumbnail_url`, `category_id`, `author_id`, `views`, `created_at`, `updated_at`) VALUES (277, 'Bài viết mẫu 25 - Phân tích ngành', 'bai-viet-mau-25-phan-tich-nganh', 'Đây là đoạn trích mẫu cho bài viết số 25 thuộc danh mục Phân tích ngành. Nội dung này được tạo tự động.', '<p>Đây là đoạn trích mẫu cho bài viết số 25 thuộc danh mục Phân tích ngành. Nội dung này được tạo tự động.</p><p>Lorem ipsum...</p>', 'https://alias.vn/wp-content/uploads/2022/07/cropped-banner_2-1.png', 2, 1, 0, '2022-01-01 07:00:00', '2025-11-21 21:43:27');
INSERT INTO `posts` (`id`, `title`, `slug`, `excerpt`, `content`, `thumbnail_url`, `category_id`, `author_id`, `views`, `created_at`, `updated_at`) VALUES (278, 'Bài viết mẫu 26 - Phân tích ngành', 'bai-viet-mau-26-phan-tich-nganh', 'Đây là đoạn trích mẫu cho bài viết số 26 thuộc danh mục Phân tích ngành. Nội dung này được tạo tự động.', '<p>Đây là đoạn trích mẫu cho bài viết số 26 thuộc danh mục Phân tích ngành. Nội dung này được tạo tự động.</p><p>Lorem ipsum...</p>', 'https://alias.vn/wp-content/uploads/2022/07/cropped-banner_2-1.png', 2, 1, 0, '2022-01-01 07:00:00', '2025-11-21 21:43:27');
INSERT INTO `posts` (`id`, `title`, `slug`, `excerpt`, `content`, `thumbnail_url`, `category_id`, `author_id`, `views`, `created_at`, `updated_at`) VALUES (279, 'Bài viết mẫu 27 - Phân tích ngành', 'bai-viet-mau-27-phan-tich-nganh', 'Đây là đoạn trích mẫu cho bài viết số 27 thuộc danh mục Phân tích ngành. Nội dung này được tạo tự động.', '<p>Đây là đoạn trích mẫu cho bài viết số 27 thuộc danh mục Phân tích ngành. Nội dung này được tạo tự động.</p><p>Lorem ipsum...</p>', 'https://alias.vn/wp-content/uploads/2022/07/cropped-banner_2-1.png', 2, 1, 0, '2022-01-01 07:00:00', '2025-11-21 21:43:27');
INSERT INTO `posts` (`id`, `title`, `slug`, `excerpt`, `content`, `thumbnail_url`, `category_id`, `author_id`, `views`, `created_at`, `updated_at`) VALUES (280, 'Bài viết mẫu 28 - Phân tích ngành', 'bai-viet-mau-28-phan-tich-nganh', 'Đây là đoạn trích mẫu cho bài viết số 28 thuộc danh mục Phân tích ngành. Nội dung này được tạo tự động.', '<p>Đây là đoạn trích mẫu cho bài viết số 28 thuộc danh mục Phân tích ngành. Nội dung này được tạo tự động.</p><p>Lorem ipsum...</p>', 'https://alias.vn/wp-content/uploads/2022/07/cropped-banner_2-1.png', 2, 1, 0, '2022-01-01 07:00:00', '2025-11-21 21:43:27');
INSERT INTO `posts` (`id`, `title`, `slug`, `excerpt`, `content`, `thumbnail_url`, `category_id`, `author_id`, `views`, `created_at`, `updated_at`) VALUES (281, 'Bài viết mẫu 29 - Phân tích ngành', 'bai-viet-mau-29-phan-tich-nganh', 'Đây là đoạn trích mẫu cho bài viết số 29 thuộc danh mục Phân tích ngành. Nội dung này được tạo tự động.', '<p>Đây là đoạn trích mẫu cho bài viết số 29 thuộc danh mục Phân tích ngành. Nội dung này được tạo tự động.</p><p>Lorem ipsum...</p>', 'https://alias.vn/wp-content/uploads/2022/07/cropped-banner_2-1.png', 2, 1, 0, '2022-01-01 07:00:00', '2025-11-21 21:43:27');
INSERT INTO `posts` (`id`, `title`, `slug`, `excerpt`, `content`, `thumbnail_url`, `category_id`, `author_id`, `views`, `created_at`, `updated_at`) VALUES (282, 'Bài viết mẫu 30 - Phân tích ngành', 'bai-viet-mau-30-phan-tich-nganh', 'Đây là đoạn trích mẫu cho bài viết số 30 thuộc danh mục Phân tích ngành. Nội dung này được tạo tự động.', '<p>Đây là đoạn trích mẫu cho bài viết số 30 thuộc danh mục Phân tích ngành. Nội dung này được tạo tự động.</p><p>Lorem ipsum...</p>', 'https://alias.vn/wp-content/uploads/2022/07/cropped-banner_2-1.png', 2, 1, 0, '2022-01-01 07:00:00', '2025-11-21 21:43:27');
INSERT INTO `posts` (`id`, `title`, `slug`, `excerpt`, `content`, `thumbnail_url`, `category_id`, `author_id`, `views`, `created_at`, `updated_at`) VALUES (283, 'Bài viết mẫu 1 - Khuyến nghị cổ phiếu', 'bai-viet-mau-1-khuyen-nghi-co-phieu', 'Đây là đoạn trích mẫu cho bài viết số 1 thuộc danh mục Khuyến nghị cổ phiếu. Nội dung này được tạo tự động.', '<p>Đây là đoạn trích mẫu cho bài viết số 1 thuộc danh mục Khuyến nghị cổ phiếu. Nội dung này được tạo tự động.</p><p>Lorem ipsum...</p>', 'https://alias.vn/wp-content/uploads/2022/07/cropped-banner_2-1.png', 3, 1, 0, '2022-01-01 07:00:00', '2025-11-21 21:43:27');
INSERT INTO `posts` (`id`, `title`, `slug`, `excerpt`, `content`, `thumbnail_url`, `category_id`, `author_id`, `views`, `created_at`, `updated_at`) VALUES (284, 'Bài viết mẫu 2 - Khuyến nghị cổ phiếu', 'bai-viet-mau-2-khuyen-nghi-co-phieu', 'Đây là đoạn trích mẫu cho bài viết số 2 thuộc danh mục Khuyến nghị cổ phiếu. Nội dung này được tạo tự động.', '<p>Đây là đoạn trích mẫu cho bài viết số 2 thuộc danh mục Khuyến nghị cổ phiếu. Nội dung này được tạo tự động.</p><p>Lorem ipsum...</p>', 'https://alias.vn/wp-content/uploads/2022/07/cropped-banner_2-1.png', 3, 1, 0, '2022-01-01 07:00:00', '2025-11-21 21:43:27');
INSERT INTO `posts` (`id`, `title`, `slug`, `excerpt`, `content`, `thumbnail_url`, `category_id`, `author_id`, `views`, `created_at`, `updated_at`) VALUES (285, 'Bài viết mẫu 3 - Khuyến nghị cổ phiếu', 'bai-viet-mau-3-khuyen-nghi-co-phieu', 'Đây là đoạn trích mẫu cho bài viết số 3 thuộc danh mục Khuyến nghị cổ phiếu. Nội dung này được tạo tự động.', '<p>Đây là đoạn trích mẫu cho bài viết số 3 thuộc danh mục Khuyến nghị cổ phiếu. Nội dung này được tạo tự động.</p><p>Lorem ipsum...</p>', 'https://alias.vn/wp-content/uploads/2022/07/cropped-banner_2-1.png', 3, 1, 0, '2022-01-01 07:00:00', '2025-11-21 21:43:27');
INSERT INTO `posts` (`id`, `title`, `slug`, `excerpt`, `content`, `thumbnail_url`, `category_id`, `author_id`, `views`, `created_at`, `updated_at`) VALUES (286, 'Bài viết mẫu 4 - Khuyến nghị cổ phiếu', 'bai-viet-mau-4-khuyen-nghi-co-phieu', 'Đây là đoạn trích mẫu cho bài viết số 4 thuộc danh mục Khuyến nghị cổ phiếu. Nội dung này được tạo tự động.', '<p>Đây là đoạn trích mẫu cho bài viết số 4 thuộc danh mục Khuyến nghị cổ phiếu. Nội dung này được tạo tự động.</p><p>Lorem ipsum...</p>', 'https://alias.vn/wp-content/uploads/2022/07/cropped-banner_2-1.png', 3, 1, 0, '2022-01-01 07:00:00', '2025-11-21 21:43:27');
INSERT INTO `posts` (`id`, `title`, `slug`, `excerpt`, `content`, `thumbnail_url`, `category_id`, `author_id`, `views`, `created_at`, `updated_at`) VALUES (287, 'Bài viết mẫu 5 - Khuyến nghị cổ phiếu', 'bai-viet-mau-5-khuyen-nghi-co-phieu', 'Đây là đoạn trích mẫu cho bài viết số 5 thuộc danh mục Khuyến nghị cổ phiếu. Nội dung này được tạo tự động.', '<p>Đây là đoạn trích mẫu cho bài viết số 5 thuộc danh mục Khuyến nghị cổ phiếu. Nội dung này được tạo tự động.</p><p>Lorem ipsum...</p>', 'https://alias.vn/wp-content/uploads/2022/07/cropped-banner_2-1.png', 3, 1, 0, '2022-01-01 07:00:00', '2025-11-21 21:43:27');
INSERT INTO `posts` (`id`, `title`, `slug`, `excerpt`, `content`, `thumbnail_url`, `category_id`, `author_id`, `views`, `created_at`, `updated_at`) VALUES (288, 'Bài viết mẫu 6 - Khuyến nghị cổ phiếu', 'bai-viet-mau-6-khuyen-nghi-co-phieu', 'Đây là đoạn trích mẫu cho bài viết số 6 thuộc danh mục Khuyến nghị cổ phiếu. Nội dung này được tạo tự động.', '<p>Đây là đoạn trích mẫu cho bài viết số 6 thuộc danh mục Khuyến nghị cổ phiếu. Nội dung này được tạo tự động.</p><p>Lorem ipsum...</p>', 'https://alias.vn/wp-content/uploads/2022/07/cropped-banner_2-1.png', 3, 1, 0, '2022-01-01 07:00:00', '2025-11-21 21:43:27');
INSERT INTO `posts` (`id`, `title`, `slug`, `excerpt`, `content`, `thumbnail_url`, `category_id`, `author_id`, `views`, `created_at`, `updated_at`) VALUES (289, 'Bài viết mẫu 7 - Khuyến nghị cổ phiếu', 'bai-viet-mau-7-khuyen-nghi-co-phieu', 'Đây là đoạn trích mẫu cho bài viết số 7 thuộc danh mục Khuyến nghị cổ phiếu. Nội dung này được tạo tự động.', '<p>Đây là đoạn trích mẫu cho bài viết số 7 thuộc danh mục Khuyến nghị cổ phiếu. Nội dung này được tạo tự động.</p><p>Lorem ipsum...</p>', 'https://alias.vn/wp-content/uploads/2022/07/cropped-banner_2-1.png', 3, 1, 0, '2022-01-01 07:00:00', '2025-11-21 21:43:27');
INSERT INTO `posts` (`id`, `title`, `slug`, `excerpt`, `content`, `thumbnail_url`, `category_id`, `author_id`, `views`, `created_at`, `updated_at`) VALUES (290, 'Bài viết mẫu 8 - Khuyến nghị cổ phiếu', 'bai-viet-mau-8-khuyen-nghi-co-phieu', 'Đây là đoạn trích mẫu cho bài viết số 8 thuộc danh mục Khuyến nghị cổ phiếu. Nội dung này được tạo tự động.', '<p>Đây là đoạn trích mẫu cho bài viết số 8 thuộc danh mục Khuyến nghị cổ phiếu. Nội dung này được tạo tự động.</p><p>Lorem ipsum...</p>', 'https://alias.vn/wp-content/uploads/2022/07/cropped-banner_2-1.png', 3, 1, 0, '2022-01-01 07:00:00', '2025-11-21 21:43:27');
INSERT INTO `posts` (`id`, `title`, `slug`, `excerpt`, `content`, `thumbnail_url`, `category_id`, `author_id`, `views`, `created_at`, `updated_at`) VALUES (291, 'Bài viết mẫu 9 - Khuyến nghị cổ phiếu', 'bai-viet-mau-9-khuyen-nghi-co-phieu', 'Đây là đoạn trích mẫu cho bài viết số 9 thuộc danh mục Khuyến nghị cổ phiếu. Nội dung này được tạo tự động.', '<p>Đây là đoạn trích mẫu cho bài viết số 9 thuộc danh mục Khuyến nghị cổ phiếu. Nội dung này được tạo tự động.</p><p>Lorem ipsum...</p>', 'https://alias.vn/wp-content/uploads/2022/07/cropped-banner_2-1.png', 3, 1, 0, '2022-01-01 07:00:00', '2025-11-21 21:43:27');
INSERT INTO `posts` (`id`, `title`, `slug`, `excerpt`, `content`, `thumbnail_url`, `category_id`, `author_id`, `views`, `created_at`, `updated_at`) VALUES (292, 'Bài viết mẫu 10 - Khuyến nghị cổ phiếu', 'bai-viet-mau-10-khuyen-nghi-co-phieu', 'Đây là đoạn trích mẫu cho bài viết số 10 thuộc danh mục Khuyến nghị cổ phiếu. Nội dung này được tạo tự động.', '<p>Đây là đoạn trích mẫu cho bài viết số 10 thuộc danh mục Khuyến nghị cổ phiếu. Nội dung này được tạo tự động.</p><p>Lorem ipsum...</p>', 'https://alias.vn/wp-content/uploads/2022/07/cropped-banner_2-1.png', 3, 1, 0, '2022-01-01 07:00:00', '2025-11-21 21:43:27');
INSERT INTO `posts` (`id`, `title`, `slug`, `excerpt`, `content`, `thumbnail_url`, `category_id`, `author_id`, `views`, `created_at`, `updated_at`) VALUES (293, 'Bài viết mẫu 11 - Khuyến nghị cổ phiếu', 'bai-viet-mau-11-khuyen-nghi-co-phieu', 'Đây là đoạn trích mẫu cho bài viết số 11 thuộc danh mục Khuyến nghị cổ phiếu. Nội dung này được tạo tự động.', '<p>Đây là đoạn trích mẫu cho bài viết số 11 thuộc danh mục Khuyến nghị cổ phiếu. Nội dung này được tạo tự động.</p><p>Lorem ipsum...</p>', 'https://alias.vn/wp-content/uploads/2022/07/cropped-banner_2-1.png', 3, 1, 0, '2022-01-01 07:00:00', '2025-11-21 21:43:27');
INSERT INTO `posts` (`id`, `title`, `slug`, `excerpt`, `content`, `thumbnail_url`, `category_id`, `author_id`, `views`, `created_at`, `updated_at`) VALUES (294, 'Bài viết mẫu 12 - Khuyến nghị cổ phiếu', 'bai-viet-mau-12-khuyen-nghi-co-phieu', 'Đây là đoạn trích mẫu cho bài viết số 12 thuộc danh mục Khuyến nghị cổ phiếu. Nội dung này được tạo tự động.', '<p>Đây là đoạn trích mẫu cho bài viết số 12 thuộc danh mục Khuyến nghị cổ phiếu. Nội dung này được tạo tự động.</p><p>Lorem ipsum...</p>', 'https://alias.vn/wp-content/uploads/2022/07/cropped-banner_2-1.png', 3, 1, 0, '2022-01-01 07:00:00', '2025-11-21 21:43:27');
INSERT INTO `posts` (`id`, `title`, `slug`, `excerpt`, `content`, `thumbnail_url`, `category_id`, `author_id`, `views`, `created_at`, `updated_at`) VALUES (295, 'Bài viết mẫu 13 - Khuyến nghị cổ phiếu', 'bai-viet-mau-13-khuyen-nghi-co-phieu', 'Đây là đoạn trích mẫu cho bài viết số 13 thuộc danh mục Khuyến nghị cổ phiếu. Nội dung này được tạo tự động.', '<p>Đây là đoạn trích mẫu cho bài viết số 13 thuộc danh mục Khuyến nghị cổ phiếu. Nội dung này được tạo tự động.</p><p>Lorem ipsum...</p>', 'https://alias.vn/wp-content/uploads/2022/07/cropped-banner_2-1.png', 3, 1, 0, '2022-01-01 07:00:00', '2025-11-21 21:43:27');
INSERT INTO `posts` (`id`, `title`, `slug`, `excerpt`, `content`, `thumbnail_url`, `category_id`, `author_id`, `views`, `created_at`, `updated_at`) VALUES (296, 'Bài viết mẫu 14 - Khuyến nghị cổ phiếu', 'bai-viet-mau-14-khuyen-nghi-co-phieu', 'Đây là đoạn trích mẫu cho bài viết số 14 thuộc danh mục Khuyến nghị cổ phiếu. Nội dung này được tạo tự động.', '<p>Đây là đoạn trích mẫu cho bài viết số 14 thuộc danh mục Khuyến nghị cổ phiếu. Nội dung này được tạo tự động.</p><p>Lorem ipsum...</p>', 'https://alias.vn/wp-content/uploads/2022/07/cropped-banner_2-1.png', 3, 1, 0, '2022-01-01 07:00:00', '2025-11-21 21:43:27');
INSERT INTO `posts` (`id`, `title`, `slug`, `excerpt`, `content`, `thumbnail_url`, `category_id`, `author_id`, `views`, `created_at`, `updated_at`) VALUES (297, 'Bài viết mẫu 15 - Khuyến nghị cổ phiếu', 'bai-viet-mau-15-khuyen-nghi-co-phieu', 'Đây là đoạn trích mẫu cho bài viết số 15 thuộc danh mục Khuyến nghị cổ phiếu. Nội dung này được tạo tự động.', '<p>Đây là đoạn trích mẫu cho bài viết số 15 thuộc danh mục Khuyến nghị cổ phiếu. Nội dung này được tạo tự động.</p><p>Lorem ipsum...</p>', 'https://alias.vn/wp-content/uploads/2022/07/cropped-banner_2-1.png', 3, 1, 0, '2022-01-01 07:00:00', '2025-11-21 21:43:27');
INSERT INTO `posts` (`id`, `title`, `slug`, `excerpt`, `content`, `thumbnail_url`, `category_id`, `author_id`, `views`, `created_at`, `updated_at`) VALUES (298, 'Bài viết mẫu 16 - Khuyến nghị cổ phiếu', 'bai-viet-mau-16-khuyen-nghi-co-phieu', 'Đây là đoạn trích mẫu cho bài viết số 16 thuộc danh mục Khuyến nghị cổ phiếu. Nội dung này được tạo tự động.', '<p>Đây là đoạn trích mẫu cho bài viết số 16 thuộc danh mục Khuyến nghị cổ phiếu. Nội dung này được tạo tự động.</p><p>Lorem ipsum...</p>', 'https://alias.vn/wp-content/uploads/2022/07/cropped-banner_2-1.png', 3, 1, 0, '2022-01-01 07:00:00', '2025-11-21 21:43:27');
INSERT INTO `posts` (`id`, `title`, `slug`, `excerpt`, `content`, `thumbnail_url`, `category_id`, `author_id`, `views`, `created_at`, `updated_at`) VALUES (299, 'Bài viết mẫu 17 - Khuyến nghị cổ phiếu', 'bai-viet-mau-17-khuyen-nghi-co-phieu', 'Đây là đoạn trích mẫu cho bài viết số 17 thuộc danh mục Khuyến nghị cổ phiếu. Nội dung này được tạo tự động.', '<p>Đây là đoạn trích mẫu cho bài viết số 17 thuộc danh mục Khuyến nghị cổ phiếu. Nội dung này được tạo tự động.</p><p>Lorem ipsum...</p>', 'https://alias.vn/wp-content/uploads/2022/07/cropped-banner_2-1.png', 3, 1, 0, '2022-01-01 07:00:00', '2025-11-21 21:43:27');
INSERT INTO `posts` (`id`, `title`, `slug`, `excerpt`, `content`, `thumbnail_url`, `category_id`, `author_id`, `views`, `created_at`, `updated_at`) VALUES (300, 'Bài viết mẫu 18 - Khuyến nghị cổ phiếu', 'bai-viet-mau-18-khuyen-nghi-co-phieu', 'Đây là đoạn trích mẫu cho bài viết số 18 thuộc danh mục Khuyến nghị cổ phiếu. Nội dung này được tạo tự động.', '<p>Đây là đoạn trích mẫu cho bài viết số 18 thuộc danh mục Khuyến nghị cổ phiếu. Nội dung này được tạo tự động.</p><p>Lorem ipsum...</p>', 'https://alias.vn/wp-content/uploads/2022/07/cropped-banner_2-1.png', 3, 1, 0, '2022-01-01 07:00:00', '2025-11-21 21:43:27');
INSERT INTO `posts` (`id`, `title`, `slug`, `excerpt`, `content`, `thumbnail_url`, `category_id`, `author_id`, `views`, `created_at`, `updated_at`) VALUES (301, 'Bài viết mẫu 19 - Khuyến nghị cổ phiếu', 'bai-viet-mau-19-khuyen-nghi-co-phieu', 'Đây là đoạn trích mẫu cho bài viết số 19 thuộc danh mục Khuyến nghị cổ phiếu. Nội dung này được tạo tự động.', '<p>Đây là đoạn trích mẫu cho bài viết số 19 thuộc danh mục Khuyến nghị cổ phiếu. Nội dung này được tạo tự động.</p><p>Lorem ipsum...</p>', 'https://alias.vn/wp-content/uploads/2022/07/cropped-banner_2-1.png', 3, 1, 0, '2022-01-01 07:00:00', '2025-11-21 21:43:27');
INSERT INTO `posts` (`id`, `title`, `slug`, `excerpt`, `content`, `thumbnail_url`, `category_id`, `author_id`, `views`, `created_at`, `updated_at`) VALUES (302, 'Bài viết mẫu 20 - Khuyến nghị cổ phiếu', 'bai-viet-mau-20-khuyen-nghi-co-phieu', 'Đây là đoạn trích mẫu cho bài viết số 20 thuộc danh mục Khuyến nghị cổ phiếu. Nội dung này được tạo tự động.', '<p>Đây là đoạn trích mẫu cho bài viết số 20 thuộc danh mục Khuyến nghị cổ phiếu. Nội dung này được tạo tự động.</p><p>Lorem ipsum...</p>', 'https://alias.vn/wp-content/uploads/2022/07/cropped-banner_2-1.png', 3, 1, 0, '2022-01-01 07:00:00', '2025-11-21 21:43:27');
INSERT INTO `posts` (`id`, `title`, `slug`, `excerpt`, `content`, `thumbnail_url`, `category_id`, `author_id`, `views`, `created_at`, `updated_at`) VALUES (303, 'Bài viết mẫu 21 - Khuyến nghị cổ phiếu', 'bai-viet-mau-21-khuyen-nghi-co-phieu', 'Đây là đoạn trích mẫu cho bài viết số 21 thuộc danh mục Khuyến nghị cổ phiếu. Nội dung này được tạo tự động.', '<p>Đây là đoạn trích mẫu cho bài viết số 21 thuộc danh mục Khuyến nghị cổ phiếu. Nội dung này được tạo tự động.</p><p>Lorem ipsum...</p>', 'https://alias.vn/wp-content/uploads/2022/07/cropped-banner_2-1.png', 3, 1, 0, '2022-01-01 07:00:00', '2025-11-21 21:43:27');
INSERT INTO `posts` (`id`, `title`, `slug`, `excerpt`, `content`, `thumbnail_url`, `category_id`, `author_id`, `views`, `created_at`, `updated_at`) VALUES (304, 'Bài viết mẫu 22 - Khuyến nghị cổ phiếu', 'bai-viet-mau-22-khuyen-nghi-co-phieu', 'Đây là đoạn trích mẫu cho bài viết số 22 thuộc danh mục Khuyến nghị cổ phiếu. Nội dung này được tạo tự động.', '<p>Đây là đoạn trích mẫu cho bài viết số 22 thuộc danh mục Khuyến nghị cổ phiếu. Nội dung này được tạo tự động.</p><p>Lorem ipsum...</p>', 'https://alias.vn/wp-content/uploads/2022/07/cropped-banner_2-1.png', 3, 1, 0, '2022-01-01 07:00:00', '2025-11-21 21:43:27');
INSERT INTO `posts` (`id`, `title`, `slug`, `excerpt`, `content`, `thumbnail_url`, `category_id`, `author_id`, `views`, `created_at`, `updated_at`) VALUES (305, 'Bài viết mẫu 23 - Khuyến nghị cổ phiếu', 'bai-viet-mau-23-khuyen-nghi-co-phieu', 'Đây là đoạn trích mẫu cho bài viết số 23 thuộc danh mục Khuyến nghị cổ phiếu. Nội dung này được tạo tự động.', '<p>Đây là đoạn trích mẫu cho bài viết số 23 thuộc danh mục Khuyến nghị cổ phiếu. Nội dung này được tạo tự động.</p><p>Lorem ipsum...</p>', 'https://alias.vn/wp-content/uploads/2022/07/cropped-banner_2-1.png', 3, 1, 0, '2022-01-01 07:00:00', '2025-11-21 21:43:27');
INSERT INTO `posts` (`id`, `title`, `slug`, `excerpt`, `content`, `thumbnail_url`, `category_id`, `author_id`, `views`, `created_at`, `updated_at`) VALUES (306, 'Bài viết mẫu 24 - Khuyến nghị cổ phiếu', 'bai-viet-mau-24-khuyen-nghi-co-phieu', 'Đây là đoạn trích mẫu cho bài viết số 24 thuộc danh mục Khuyến nghị cổ phiếu. Nội dung này được tạo tự động.', '<p>Đây là đoạn trích mẫu cho bài viết số 24 thuộc danh mục Khuyến nghị cổ phiếu. Nội dung này được tạo tự động.</p><p>Lorem ipsum...</p>', 'https://alias.vn/wp-content/uploads/2022/07/cropped-banner_2-1.png', 3, 1, 0, '2022-01-01 07:00:00', '2025-11-21 21:43:27');
INSERT INTO `posts` (`id`, `title`, `slug`, `excerpt`, `content`, `thumbnail_url`, `category_id`, `author_id`, `views`, `created_at`, `updated_at`) VALUES (307, 'Bài viết mẫu 25 - Khuyến nghị cổ phiếu', 'bai-viet-mau-25-khuyen-nghi-co-phieu', 'Đây là đoạn trích mẫu cho bài viết số 25 thuộc danh mục Khuyến nghị cổ phiếu. Nội dung này được tạo tự động.', '<p>Đây là đoạn trích mẫu cho bài viết số 25 thuộc danh mục Khuyến nghị cổ phiếu. Nội dung này được tạo tự động.</p><p>Lorem ipsum...</p>', 'https://alias.vn/wp-content/uploads/2022/07/cropped-banner_2-1.png', 3, 1, 0, '2022-01-01 07:00:00', '2025-11-21 21:43:27');
INSERT INTO `posts` (`id`, `title`, `slug`, `excerpt`, `content`, `thumbnail_url`, `category_id`, `author_id`, `views`, `created_at`, `updated_at`) VALUES (308, 'Bài viết mẫu 26 - Khuyến nghị cổ phiếu', 'bai-viet-mau-26-khuyen-nghi-co-phieu', 'Đây là đoạn trích mẫu cho bài viết số 26 thuộc danh mục Khuyến nghị cổ phiếu. Nội dung này được tạo tự động.', '<p>Đây là đoạn trích mẫu cho bài viết số 26 thuộc danh mục Khuyến nghị cổ phiếu. Nội dung này được tạo tự động.</p><p>Lorem ipsum...</p>', 'https://alias.vn/wp-content/uploads/2022/07/cropped-banner_2-1.png', 3, 1, 0, '2022-01-01 07:00:00', '2025-11-21 21:43:27');
INSERT INTO `posts` (`id`, `title`, `slug`, `excerpt`, `content`, `thumbnail_url`, `category_id`, `author_id`, `views`, `created_at`, `updated_at`) VALUES (309, 'Bài viết mẫu 27 - Khuyến nghị cổ phiếu', 'bai-viet-mau-27-khuyen-nghi-co-phieu', 'Đây là đoạn trích mẫu cho bài viết số 27 thuộc danh mục Khuyến nghị cổ phiếu. Nội dung này được tạo tự động.', '<p>Đây là đoạn trích mẫu cho bài viết số 27 thuộc danh mục Khuyến nghị cổ phiếu. Nội dung này được tạo tự động.</p><p>Lorem ipsum...</p>', 'https://alias.vn/wp-content/uploads/2022/07/cropped-banner_2-1.png', 3, 1, 0, '2022-01-01 07:00:00', '2025-11-21 21:43:27');
INSERT INTO `posts` (`id`, `title`, `slug`, `excerpt`, `content`, `thumbnail_url`, `category_id`, `author_id`, `views`, `created_at`, `updated_at`) VALUES (310, 'Bài viết mẫu 28 - Khuyến nghị cổ phiếu', 'bai-viet-mau-28-khuyen-nghi-co-phieu', 'Đây là đoạn trích mẫu cho bài viết số 28 thuộc danh mục Khuyến nghị cổ phiếu. Nội dung này được tạo tự động.', '<p>Đây là đoạn trích mẫu cho bài viết số 28 thuộc danh mục Khuyến nghị cổ phiếu. Nội dung này được tạo tự động.</p><p>Lorem ipsum...</p>', 'https://alias.vn/wp-content/uploads/2022/07/cropped-banner_2-1.png', 3, 1, 0, '2022-01-01 07:00:00', '2025-11-21 21:43:27');
INSERT INTO `posts` (`id`, `title`, `slug`, `excerpt`, `content`, `thumbnail_url`, `category_id`, `author_id`, `views`, `created_at`, `updated_at`) VALUES (311, 'Bài viết mẫu 29 - Khuyến nghị cổ phiếu', 'bai-viet-mau-29-khuyen-nghi-co-phieu', 'Đây là đoạn trích mẫu cho bài viết số 29 thuộc danh mục Khuyến nghị cổ phiếu. Nội dung này được tạo tự động.', '<p>Đây là đoạn trích mẫu cho bài viết số 29 thuộc danh mục Khuyến nghị cổ phiếu. Nội dung này được tạo tự động.</p><p>Lorem ipsum...</p>', 'https://alias.vn/wp-content/uploads/2022/07/cropped-banner_2-1.png', 3, 1, 0, '2022-01-01 07:00:00', '2025-11-21 21:43:27');
INSERT INTO `posts` (`id`, `title`, `slug`, `excerpt`, `content`, `thumbnail_url`, `category_id`, `author_id`, `views`, `created_at`, `updated_at`) VALUES (312, 'Bài viết mẫu 30 - Khuyến nghị cổ phiếu', 'bai-viet-mau-30-khuyen-nghi-co-phieu', 'Đây là đoạn trích mẫu cho bài viết số 30 thuộc danh mục Khuyến nghị cổ phiếu. Nội dung này được tạo tự động.', '<p>Đây là đoạn trích mẫu cho bài viết số 30 thuộc danh mục Khuyến nghị cổ phiếu. Nội dung này được tạo tự động.</p><p>Lorem ipsum...</p>', 'https://alias.vn/wp-content/uploads/2022/07/cropped-banner_2-1.png', 3, 1, 0, '2022-01-01 07:00:00', '2025-11-21 21:43:27');
INSERT INTO `posts` (`id`, `title`, `slug`, `excerpt`, `content`, `thumbnail_url`, `category_id`, `author_id`, `views`, `created_at`, `updated_at`) VALUES (313, 'Bài viết mẫu 1 - Vĩ mô các ngành', 'bai-viet-mau-1-vi-mo-cac-nganh', 'Đây là đoạn trích mẫu cho bài viết số 1 thuộc danh mục Vĩ mô các ngành. Nội dung này được tạo tự động.', '<p>Đây là đoạn trích mẫu cho bài viết số 1 thuộc danh mục Vĩ mô các ngành. Nội dung này được tạo tự động.</p><p>Lorem ipsum...</p>', 'https://alias.vn/wp-content/uploads/2022/07/cropped-banner_2-1.png', 4, 1, 0, '2022-01-01 07:00:00', '2025-11-21 21:43:27');
INSERT INTO `posts` (`id`, `title`, `slug`, `excerpt`, `content`, `thumbnail_url`, `category_id`, `author_id`, `views`, `created_at`, `updated_at`) VALUES (314, 'Bài viết mẫu 2 - Vĩ mô các ngành', 'bai-viet-mau-2-vi-mo-cac-nganh', 'Đây là đoạn trích mẫu cho bài viết số 2 thuộc danh mục Vĩ mô các ngành. Nội dung này được tạo tự động.', '<p>Đây là đoạn trích mẫu cho bài viết số 2 thuộc danh mục Vĩ mô các ngành. Nội dung này được tạo tự động.</p><p>Lorem ipsum...</p>', 'https://alias.vn/wp-content/uploads/2022/07/cropped-banner_2-1.png', 4, 1, 0, '2022-01-01 07:00:00', '2025-11-21 21:43:27');
INSERT INTO `posts` (`id`, `title`, `slug`, `excerpt`, `content`, `thumbnail_url`, `category_id`, `author_id`, `views`, `created_at`, `updated_at`) VALUES (315, 'Bài viết mẫu 3 - Vĩ mô các ngành', 'bai-viet-mau-3-vi-mo-cac-nganh', 'Đây là đoạn trích mẫu cho bài viết số 3 thuộc danh mục Vĩ mô các ngành. Nội dung này được tạo tự động.', '<p>Đây là đoạn trích mẫu cho bài viết số 3 thuộc danh mục Vĩ mô các ngành. Nội dung này được tạo tự động.</p><p>Lorem ipsum...</p>', 'https://alias.vn/wp-content/uploads/2022/07/cropped-banner_2-1.png', 4, 1, 0, '2022-01-01 07:00:00', '2025-11-21 21:43:27');
INSERT INTO `posts` (`id`, `title`, `slug`, `excerpt`, `content`, `thumbnail_url`, `category_id`, `author_id`, `views`, `created_at`, `updated_at`) VALUES (316, 'Bài viết mẫu 4 - Vĩ mô các ngành', 'bai-viet-mau-4-vi-mo-cac-nganh', 'Đây là đoạn trích mẫu cho bài viết số 4 thuộc danh mục Vĩ mô các ngành. Nội dung này được tạo tự động.', '<p>Đây là đoạn trích mẫu cho bài viết số 4 thuộc danh mục Vĩ mô các ngành. Nội dung này được tạo tự động.</p><p>Lorem ipsum...</p>', 'https://alias.vn/wp-content/uploads/2022/07/cropped-banner_2-1.png', 4, 1, 0, '2022-01-01 07:00:00', '2025-11-21 21:43:27');
INSERT INTO `posts` (`id`, `title`, `slug`, `excerpt`, `content`, `thumbnail_url`, `category_id`, `author_id`, `views`, `created_at`, `updated_at`) VALUES (317, 'Bài viết mẫu 5 - Vĩ mô các ngành', 'bai-viet-mau-5-vi-mo-cac-nganh', 'Đây là đoạn trích mẫu cho bài viết số 5 thuộc danh mục Vĩ mô các ngành. Nội dung này được tạo tự động.', '<p>Đây là đoạn trích mẫu cho bài viết số 5 thuộc danh mục Vĩ mô các ngành. Nội dung này được tạo tự động.</p><p>Lorem ipsum...</p>', 'https://alias.vn/wp-content/uploads/2022/07/cropped-banner_2-1.png', 4, 1, 0, '2022-01-01 07:00:00', '2025-11-21 21:43:27');
INSERT INTO `posts` (`id`, `title`, `slug`, `excerpt`, `content`, `thumbnail_url`, `category_id`, `author_id`, `views`, `created_at`, `updated_at`) VALUES (318, 'Bài viết mẫu 6 - Vĩ mô các ngành', 'bai-viet-mau-6-vi-mo-cac-nganh', 'Đây là đoạn trích mẫu cho bài viết số 6 thuộc danh mục Vĩ mô các ngành. Nội dung này được tạo tự động.', '<p>Đây là đoạn trích mẫu cho bài viết số 6 thuộc danh mục Vĩ mô các ngành. Nội dung này được tạo tự động.</p><p>Lorem ipsum...</p>', 'https://alias.vn/wp-content/uploads/2022/07/cropped-banner_2-1.png', 4, 1, 0, '2022-01-01 07:00:00', '2025-11-21 21:43:27');
INSERT INTO `posts` (`id`, `title`, `slug`, `excerpt`, `content`, `thumbnail_url`, `category_id`, `author_id`, `views`, `created_at`, `updated_at`) VALUES (319, 'Bài viết mẫu 7 - Vĩ mô các ngành', 'bai-viet-mau-7-vi-mo-cac-nganh', 'Đây là đoạn trích mẫu cho bài viết số 7 thuộc danh mục Vĩ mô các ngành. Nội dung này được tạo tự động.', '<p>Đây là đoạn trích mẫu cho bài viết số 7 thuộc danh mục Vĩ mô các ngành. Nội dung này được tạo tự động.</p><p>Lorem ipsum...</p>', 'https://alias.vn/wp-content/uploads/2022/07/cropped-banner_2-1.png', 4, 1, 0, '2022-01-01 07:00:00', '2025-11-21 21:43:27');
INSERT INTO `posts` (`id`, `title`, `slug`, `excerpt`, `content`, `thumbnail_url`, `category_id`, `author_id`, `views`, `created_at`, `updated_at`) VALUES (320, 'Bài viết mẫu 8 - Vĩ mô các ngành', 'bai-viet-mau-8-vi-mo-cac-nganh', 'Đây là đoạn trích mẫu cho bài viết số 8 thuộc danh mục Vĩ mô các ngành. Nội dung này được tạo tự động.', '<p>Đây là đoạn trích mẫu cho bài viết số 8 thuộc danh mục Vĩ mô các ngành. Nội dung này được tạo tự động.</p><p>Lorem ipsum...</p>', 'https://alias.vn/wp-content/uploads/2022/07/cropped-banner_2-1.png', 4, 1, 0, '2022-01-01 07:00:00', '2025-11-21 21:43:27');
INSERT INTO `posts` (`id`, `title`, `slug`, `excerpt`, `content`, `thumbnail_url`, `category_id`, `author_id`, `views`, `created_at`, `updated_at`) VALUES (321, 'Bài viết mẫu 9 - Vĩ mô các ngành', 'bai-viet-mau-9-vi-mo-cac-nganh', 'Đây là đoạn trích mẫu cho bài viết số 9 thuộc danh mục Vĩ mô các ngành. Nội dung này được tạo tự động.', '<p>Đây là đoạn trích mẫu cho bài viết số 9 thuộc danh mục Vĩ mô các ngành. Nội dung này được tạo tự động.</p><p>Lorem ipsum...</p>', 'https://alias.vn/wp-content/uploads/2022/07/cropped-banner_2-1.png', 4, 1, 0, '2022-01-01 07:00:00', '2025-11-21 21:43:27');
INSERT INTO `posts` (`id`, `title`, `slug`, `excerpt`, `content`, `thumbnail_url`, `category_id`, `author_id`, `views`, `created_at`, `updated_at`) VALUES (322, 'Bài viết mẫu 10 - Vĩ mô các ngành', 'bai-viet-mau-10-vi-mo-cac-nganh', 'Đây là đoạn trích mẫu cho bài viết số 10 thuộc danh mục Vĩ mô các ngành. Nội dung này được tạo tự động.', '<p>Đây là đoạn trích mẫu cho bài viết số 10 thuộc danh mục Vĩ mô các ngành. Nội dung này được tạo tự động.</p><p>Lorem ipsum...</p>', 'https://alias.vn/wp-content/uploads/2022/07/cropped-banner_2-1.png', 4, 1, 0, '2022-01-01 07:00:00', '2025-11-21 21:43:27');
INSERT INTO `posts` (`id`, `title`, `slug`, `excerpt`, `content`, `thumbnail_url`, `category_id`, `author_id`, `views`, `created_at`, `updated_at`) VALUES (323, 'Bài viết mẫu 11 - Vĩ mô các ngành', 'bai-viet-mau-11-vi-mo-cac-nganh', 'Đây là đoạn trích mẫu cho bài viết số 11 thuộc danh mục Vĩ mô các ngành. Nội dung này được tạo tự động.', '<p>Đây là đoạn trích mẫu cho bài viết số 11 thuộc danh mục Vĩ mô các ngành. Nội dung này được tạo tự động.</p><p>Lorem ipsum...</p>', 'https://alias.vn/wp-content/uploads/2022/07/cropped-banner_2-1.png', 4, 1, 0, '2022-01-01 07:00:00', '2025-11-21 21:43:27');
INSERT INTO `posts` (`id`, `title`, `slug`, `excerpt`, `content`, `thumbnail_url`, `category_id`, `author_id`, `views`, `created_at`, `updated_at`) VALUES (324, 'Bài viết mẫu 12 - Vĩ mô các ngành', 'bai-viet-mau-12-vi-mo-cac-nganh', 'Đây là đoạn trích mẫu cho bài viết số 12 thuộc danh mục Vĩ mô các ngành. Nội dung này được tạo tự động.', '<p>Đây là đoạn trích mẫu cho bài viết số 12 thuộc danh mục Vĩ mô các ngành. Nội dung này được tạo tự động.</p><p>Lorem ipsum...</p>', 'https://alias.vn/wp-content/uploads/2022/07/cropped-banner_2-1.png', 4, 1, 0, '2022-01-01 07:00:00', '2025-11-21 21:43:27');
INSERT INTO `posts` (`id`, `title`, `slug`, `excerpt`, `content`, `thumbnail_url`, `category_id`, `author_id`, `views`, `created_at`, `updated_at`) VALUES (325, 'Bài viết mẫu 13 - Vĩ mô các ngành', 'bai-viet-mau-13-vi-mo-cac-nganh', 'Đây là đoạn trích mẫu cho bài viết số 13 thuộc danh mục Vĩ mô các ngành. Nội dung này được tạo tự động.', '<p>Đây là đoạn trích mẫu cho bài viết số 13 thuộc danh mục Vĩ mô các ngành. Nội dung này được tạo tự động.</p><p>Lorem ipsum...</p>', 'https://alias.vn/wp-content/uploads/2022/07/cropped-banner_2-1.png', 4, 1, 0, '2022-01-01 07:00:00', '2025-11-21 21:43:27');
INSERT INTO `posts` (`id`, `title`, `slug`, `excerpt`, `content`, `thumbnail_url`, `category_id`, `author_id`, `views`, `created_at`, `updated_at`) VALUES (326, 'Bài viết mẫu 14 - Vĩ mô các ngành', 'bai-viet-mau-14-vi-mo-cac-nganh', 'Đây là đoạn trích mẫu cho bài viết số 14 thuộc danh mục Vĩ mô các ngành. Nội dung này được tạo tự động.', '<p>Đây là đoạn trích mẫu cho bài viết số 14 thuộc danh mục Vĩ mô các ngành. Nội dung này được tạo tự động.</p><p>Lorem ipsum...</p>', 'https://alias.vn/wp-content/uploads/2022/07/cropped-banner_2-1.png', 4, 1, 0, '2022-01-01 07:00:00', '2025-11-21 21:43:27');
INSERT INTO `posts` (`id`, `title`, `slug`, `excerpt`, `content`, `thumbnail_url`, `category_id`, `author_id`, `views`, `created_at`, `updated_at`) VALUES (327, 'Bài viết mẫu 15 - Vĩ mô các ngành', 'bai-viet-mau-15-vi-mo-cac-nganh', 'Đây là đoạn trích mẫu cho bài viết số 15 thuộc danh mục Vĩ mô các ngành. Nội dung này được tạo tự động.', '<p>Đây là đoạn trích mẫu cho bài viết số 15 thuộc danh mục Vĩ mô các ngành. Nội dung này được tạo tự động.</p><p>Lorem ipsum...</p>', 'https://alias.vn/wp-content/uploads/2022/07/cropped-banner_2-1.png', 4, 1, 0, '2022-01-01 07:00:00', '2025-11-21 21:43:27');
INSERT INTO `posts` (`id`, `title`, `slug`, `excerpt`, `content`, `thumbnail_url`, `category_id`, `author_id`, `views`, `created_at`, `updated_at`) VALUES (328, 'Bài viết mẫu 16 - Vĩ mô các ngành', 'bai-viet-mau-16-vi-mo-cac-nganh', 'Đây là đoạn trích mẫu cho bài viết số 16 thuộc danh mục Vĩ mô các ngành. Nội dung này được tạo tự động.', '<p>Đây là đoạn trích mẫu cho bài viết số 16 thuộc danh mục Vĩ mô các ngành. Nội dung này được tạo tự động.</p><p>Lorem ipsum...</p>', 'https://alias.vn/wp-content/uploads/2022/07/cropped-banner_2-1.png', 4, 1, 0, '2022-01-01 07:00:00', '2025-11-21 21:43:27');
INSERT INTO `posts` (`id`, `title`, `slug`, `excerpt`, `content`, `thumbnail_url`, `category_id`, `author_id`, `views`, `created_at`, `updated_at`) VALUES (329, 'Bài viết mẫu 17 - Vĩ mô các ngành', 'bai-viet-mau-17-vi-mo-cac-nganh', 'Đây là đoạn trích mẫu cho bài viết số 17 thuộc danh mục Vĩ mô các ngành. Nội dung này được tạo tự động.', '<p>Đây là đoạn trích mẫu cho bài viết số 17 thuộc danh mục Vĩ mô các ngành. Nội dung này được tạo tự động.</p><p>Lorem ipsum...</p>', 'https://alias.vn/wp-content/uploads/2022/07/cropped-banner_2-1.png', 4, 1, 0, '2022-01-01 07:00:00', '2025-11-21 21:43:27');
INSERT INTO `posts` (`id`, `title`, `slug`, `excerpt`, `content`, `thumbnail_url`, `category_id`, `author_id`, `views`, `created_at`, `updated_at`) VALUES (330, 'Bài viết mẫu 18 - Vĩ mô các ngành', 'bai-viet-mau-18-vi-mo-cac-nganh', 'Đây là đoạn trích mẫu cho bài viết số 18 thuộc danh mục Vĩ mô các ngành. Nội dung này được tạo tự động.', '<p>Đây là đoạn trích mẫu cho bài viết số 18 thuộc danh mục Vĩ mô các ngành. Nội dung này được tạo tự động.</p><p>Lorem ipsum...</p>', 'https://alias.vn/wp-content/uploads/2022/07/cropped-banner_2-1.png', 4, 1, 0, '2022-01-01 07:00:00', '2025-11-21 21:43:27');
INSERT INTO `posts` (`id`, `title`, `slug`, `excerpt`, `content`, `thumbnail_url`, `category_id`, `author_id`, `views`, `created_at`, `updated_at`) VALUES (331, 'Bài viết mẫu 19 - Vĩ mô các ngành', 'bai-viet-mau-19-vi-mo-cac-nganh', 'Đây là đoạn trích mẫu cho bài viết số 19 thuộc danh mục Vĩ mô các ngành. Nội dung này được tạo tự động.', '<p>Đây là đoạn trích mẫu cho bài viết số 19 thuộc danh mục Vĩ mô các ngành. Nội dung này được tạo tự động.</p><p>Lorem ipsum...</p>', 'https://alias.vn/wp-content/uploads/2022/07/cropped-banner_2-1.png', 4, 1, 0, '2022-01-01 07:00:00', '2025-11-21 21:43:27');
INSERT INTO `posts` (`id`, `title`, `slug`, `excerpt`, `content`, `thumbnail_url`, `category_id`, `author_id`, `views`, `created_at`, `updated_at`) VALUES (332, 'Bài viết mẫu 20 - Vĩ mô các ngành', 'bai-viet-mau-20-vi-mo-cac-nganh', 'Đây là đoạn trích mẫu cho bài viết số 20 thuộc danh mục Vĩ mô các ngành. Nội dung này được tạo tự động.', '<p>Đây là đoạn trích mẫu cho bài viết số 20 thuộc danh mục Vĩ mô các ngành. Nội dung này được tạo tự động.</p><p>Lorem ipsum...</p>', 'https://alias.vn/wp-content/uploads/2022/07/cropped-banner_2-1.png', 4, 1, 0, '2022-01-01 07:00:00', '2025-11-21 21:43:27');
INSERT INTO `posts` (`id`, `title`, `slug`, `excerpt`, `content`, `thumbnail_url`, `category_id`, `author_id`, `views`, `created_at`, `updated_at`) VALUES (333, 'Bài viết mẫu 21 - Vĩ mô các ngành', 'bai-viet-mau-21-vi-mo-cac-nganh', 'Đây là đoạn trích mẫu cho bài viết số 21 thuộc danh mục Vĩ mô các ngành. Nội dung này được tạo tự động.', '<p>Đây là đoạn trích mẫu cho bài viết số 21 thuộc danh mục Vĩ mô các ngành. Nội dung này được tạo tự động.</p><p>Lorem ipsum...</p>', 'https://alias.vn/wp-content/uploads/2022/07/cropped-banner_2-1.png', 4, 1, 0, '2022-01-01 07:00:00', '2025-11-21 21:43:27');
INSERT INTO `posts` (`id`, `title`, `slug`, `excerpt`, `content`, `thumbnail_url`, `category_id`, `author_id`, `views`, `created_at`, `updated_at`) VALUES (334, 'Bài viết mẫu 22 - Vĩ mô các ngành', 'bai-viet-mau-22-vi-mo-cac-nganh', 'Đây là đoạn trích mẫu cho bài viết số 22 thuộc danh mục Vĩ mô các ngành. Nội dung này được tạo tự động.', '<p>Đây là đoạn trích mẫu cho bài viết số 22 thuộc danh mục Vĩ mô các ngành. Nội dung này được tạo tự động.</p><p>Lorem ipsum...</p>', 'https://alias.vn/wp-content/uploads/2022/07/cropped-banner_2-1.png', 4, 1, 0, '2022-01-01 07:00:00', '2025-11-21 21:43:27');
INSERT INTO `posts` (`id`, `title`, `slug`, `excerpt`, `content`, `thumbnail_url`, `category_id`, `author_id`, `views`, `created_at`, `updated_at`) VALUES (335, 'Bài viết mẫu 23 - Vĩ mô các ngành', 'bai-viet-mau-23-vi-mo-cac-nganh', 'Đây là đoạn trích mẫu cho bài viết số 23 thuộc danh mục Vĩ mô các ngành. Nội dung này được tạo tự động.', '<p>Đây là đoạn trích mẫu cho bài viết số 23 thuộc danh mục Vĩ mô các ngành. Nội dung này được tạo tự động.</p><p>Lorem ipsum...</p>', 'https://alias.vn/wp-content/uploads/2022/07/cropped-banner_2-1.png', 4, 1, 0, '2022-01-01 07:00:00', '2025-11-21 21:43:27');
INSERT INTO `posts` (`id`, `title`, `slug`, `excerpt`, `content`, `thumbnail_url`, `category_id`, `author_id`, `views`, `created_at`, `updated_at`) VALUES (336, 'Bài viết mẫu 24 - Vĩ mô các ngành', 'bai-viet-mau-24-vi-mo-cac-nganh', 'Đây là đoạn trích mẫu cho bài viết số 24 thuộc danh mục Vĩ mô các ngành. Nội dung này được tạo tự động.', '<p>Đây là đoạn trích mẫu cho bài viết số 24 thuộc danh mục Vĩ mô các ngành. Nội dung này được tạo tự động.</p><p>Lorem ipsum...</p>', 'https://alias.vn/wp-content/uploads/2022/07/cropped-banner_2-1.png', 4, 1, 0, '2022-01-01 07:00:00', '2025-11-21 21:43:27');
INSERT INTO `posts` (`id`, `title`, `slug`, `excerpt`, `content`, `thumbnail_url`, `category_id`, `author_id`, `views`, `created_at`, `updated_at`) VALUES (337, 'Bài viết mẫu 25 - Vĩ mô các ngành', 'bai-viet-mau-25-vi-mo-cac-nganh', 'Đây là đoạn trích mẫu cho bài viết số 25 thuộc danh mục Vĩ mô các ngành. Nội dung này được tạo tự động.', '<p>Đây là đoạn trích mẫu cho bài viết số 25 thuộc danh mục Vĩ mô các ngành. Nội dung này được tạo tự động.</p><p>Lorem ipsum...</p>', 'https://alias.vn/wp-content/uploads/2022/07/cropped-banner_2-1.png', 4, 1, 0, '2022-01-01 07:00:00', '2025-11-21 21:43:27');
INSERT INTO `posts` (`id`, `title`, `slug`, `excerpt`, `content`, `thumbnail_url`, `category_id`, `author_id`, `views`, `created_at`, `updated_at`) VALUES (338, 'Bài viết mẫu 26 - Vĩ mô các ngành', 'bai-viet-mau-26-vi-mo-cac-nganh', 'Đây là đoạn trích mẫu cho bài viết số 26 thuộc danh mục Vĩ mô các ngành. Nội dung này được tạo tự động.', '<p>Đây là đoạn trích mẫu cho bài viết số 26 thuộc danh mục Vĩ mô các ngành. Nội dung này được tạo tự động.</p><p>Lorem ipsum...</p>', 'https://alias.vn/wp-content/uploads/2022/07/cropped-banner_2-1.png', 4, 1, 0, '2022-01-01 07:00:00', '2025-11-21 21:43:27');
INSERT INTO `posts` (`id`, `title`, `slug`, `excerpt`, `content`, `thumbnail_url`, `category_id`, `author_id`, `views`, `created_at`, `updated_at`) VALUES (339, 'Bài viết mẫu 27 - Vĩ mô các ngành', 'bai-viet-mau-27-vi-mo-cac-nganh', 'Đây là đoạn trích mẫu cho bài viết số 27 thuộc danh mục Vĩ mô các ngành. Nội dung này được tạo tự động.', '<p>Đây là đoạn trích mẫu cho bài viết số 27 thuộc danh mục Vĩ mô các ngành. Nội dung này được tạo tự động.</p><p>Lorem ipsum...</p>', 'https://alias.vn/wp-content/uploads/2022/07/cropped-banner_2-1.png', 4, 1, 0, '2022-01-01 07:00:00', '2025-11-21 21:43:27');
INSERT INTO `posts` (`id`, `title`, `slug`, `excerpt`, `content`, `thumbnail_url`, `category_id`, `author_id`, `views`, `created_at`, `updated_at`) VALUES (340, 'Bài viết mẫu 28 - Vĩ mô các ngành', 'bai-viet-mau-28-vi-mo-cac-nganh', 'Đây là đoạn trích mẫu cho bài viết số 28 thuộc danh mục Vĩ mô các ngành. Nội dung này được tạo tự động.', '<p>Đây là đoạn trích mẫu cho bài viết số 28 thuộc danh mục Vĩ mô các ngành. Nội dung này được tạo tự động.</p><p>Lorem ipsum...</p>', 'https://alias.vn/wp-content/uploads/2022/07/cropped-banner_2-1.png', 4, 1, 0, '2022-01-01 07:00:00', '2025-11-21 21:43:27');
INSERT INTO `posts` (`id`, `title`, `slug`, `excerpt`, `content`, `thumbnail_url`, `category_id`, `author_id`, `views`, `created_at`, `updated_at`) VALUES (341, 'Bài viết mẫu 29 - Vĩ mô các ngành', 'bai-viet-mau-29-vi-mo-cac-nganh', 'Đây là đoạn trích mẫu cho bài viết số 29 thuộc danh mục Vĩ mô các ngành. Nội dung này được tạo tự động.', '<p>Đây là đoạn trích mẫu cho bài viết số 29 thuộc danh mục Vĩ mô các ngành. Nội dung này được tạo tự động.</p><p>Lorem ipsum...</p>', 'https://alias.vn/wp-content/uploads/2022/07/cropped-banner_2-1.png', 4, 1, 0, '2022-01-01 07:00:00', '2025-11-21 21:43:27');
INSERT INTO `posts` (`id`, `title`, `slug`, `excerpt`, `content`, `thumbnail_url`, `category_id`, `author_id`, `views`, `created_at`, `updated_at`) VALUES (342, 'Bài viết mẫu 30 - Vĩ mô các ngành', 'bai-viet-mau-30-vi-mo-cac-nganh', 'Đây là đoạn trích mẫu cho bài viết số 30 thuộc danh mục Vĩ mô các ngành. Nội dung này được tạo tự động.', '<p>Đây là đoạn trích mẫu cho bài viết số 30 thuộc danh mục Vĩ mô các ngành. Nội dung này được tạo tự động.</p><p>Lorem ipsum...</p>', 'https://alias.vn/wp-content/uploads/2022/07/cropped-banner_2-1.png', 4, 1, 0, '2022-01-01 07:00:00', '2025-11-21 21:43:27');
INSERT INTO `posts` (`id`, `title`, `slug`, `excerpt`, `content`, `thumbnail_url`, `category_id`, `author_id`, `views`, `created_at`, `updated_at`) VALUES (343, 'Bài viết mẫu 1 - Đầu tư BĐS 2025 – 2026', 'bai-viet-mau-1-djau-tu-bdjs-2025-2026', 'Đây là đoạn trích mẫu cho bài viết số 1 thuộc danh mục Đầu tư BĐS 2025 – 2026. Nội dung này được tạo tự động.', '<p>Đây là đoạn trích mẫu cho bài viết số 1 thuộc danh mục Đầu tư BĐS 2025 – 2026. Nội dung này được tạo tự động.</p><p>Lorem ipsum...</p>', 'https://alias.vn/wp-content/uploads/2022/07/cropped-banner_2-1.png', 5, 1, 0, '2022-01-01 07:00:00', '2025-11-21 21:43:27');
INSERT INTO `posts` (`id`, `title`, `slug`, `excerpt`, `content`, `thumbnail_url`, `category_id`, `author_id`, `views`, `created_at`, `updated_at`) VALUES (344, 'Bài viết mẫu 2 - Đầu tư BĐS 2025 – 2026', 'bai-viet-mau-2-djau-tu-bdjs-2025-2026', 'Đây là đoạn trích mẫu cho bài viết số 2 thuộc danh mục Đầu tư BĐS 2025 – 2026. Nội dung này được tạo tự động.', '<p>Đây là đoạn trích mẫu cho bài viết số 2 thuộc danh mục Đầu tư BĐS 2025 – 2026. Nội dung này được tạo tự động.</p><p>Lorem ipsum...</p>', 'https://alias.vn/wp-content/uploads/2022/07/cropped-banner_2-1.png', 5, 1, 0, '2022-01-01 07:00:00', '2025-11-21 21:43:27');
INSERT INTO `posts` (`id`, `title`, `slug`, `excerpt`, `content`, `thumbnail_url`, `category_id`, `author_id`, `views`, `created_at`, `updated_at`) VALUES (345, 'Bài viết mẫu 3 - Đầu tư BĐS 2025 – 2026', 'bai-viet-mau-3-djau-tu-bdjs-2025-2026', 'Đây là đoạn trích mẫu cho bài viết số 3 thuộc danh mục Đầu tư BĐS 2025 – 2026. Nội dung này được tạo tự động.', '<p>Đây là đoạn trích mẫu cho bài viết số 3 thuộc danh mục Đầu tư BĐS 2025 – 2026. Nội dung này được tạo tự động.</p><p>Lorem ipsum...</p>', 'https://alias.vn/wp-content/uploads/2022/07/cropped-banner_2-1.png', 5, 1, 0, '2022-01-01 07:00:00', '2025-11-21 21:43:27');
INSERT INTO `posts` (`id`, `title`, `slug`, `excerpt`, `content`, `thumbnail_url`, `category_id`, `author_id`, `views`, `created_at`, `updated_at`) VALUES (346, 'Bài viết mẫu 4 - Đầu tư BĐS 2025 – 2026', 'bai-viet-mau-4-djau-tu-bdjs-2025-2026', 'Đây là đoạn trích mẫu cho bài viết số 4 thuộc danh mục Đầu tư BĐS 2025 – 2026. Nội dung này được tạo tự động.', '<p>Đây là đoạn trích mẫu cho bài viết số 4 thuộc danh mục Đầu tư BĐS 2025 – 2026. Nội dung này được tạo tự động.</p><p>Lorem ipsum...</p>', 'https://alias.vn/wp-content/uploads/2022/07/cropped-banner_2-1.png', 5, 1, 0, '2022-01-01 07:00:00', '2025-11-21 21:43:27');
INSERT INTO `posts` (`id`, `title`, `slug`, `excerpt`, `content`, `thumbnail_url`, `category_id`, `author_id`, `views`, `created_at`, `updated_at`) VALUES (347, 'Bài viết mẫu 5 - Đầu tư BĐS 2025 – 2026', 'bai-viet-mau-5-djau-tu-bdjs-2025-2026', 'Đây là đoạn trích mẫu cho bài viết số 5 thuộc danh mục Đầu tư BĐS 2025 – 2026. Nội dung này được tạo tự động.', '<p>Đây là đoạn trích mẫu cho bài viết số 5 thuộc danh mục Đầu tư BĐS 2025 – 2026. Nội dung này được tạo tự động.</p><p>Lorem ipsum...</p>', 'https://alias.vn/wp-content/uploads/2022/07/cropped-banner_2-1.png', 5, 1, 0, '2022-01-01 07:00:00', '2025-11-21 21:43:27');
INSERT INTO `posts` (`id`, `title`, `slug`, `excerpt`, `content`, `thumbnail_url`, `category_id`, `author_id`, `views`, `created_at`, `updated_at`) VALUES (348, 'Bài viết mẫu 6 - Đầu tư BĐS 2025 – 2026', 'bai-viet-mau-6-djau-tu-bdjs-2025-2026', 'Đây là đoạn trích mẫu cho bài viết số 6 thuộc danh mục Đầu tư BĐS 2025 – 2026. Nội dung này được tạo tự động.', '<p>Đây là đoạn trích mẫu cho bài viết số 6 thuộc danh mục Đầu tư BĐS 2025 – 2026. Nội dung này được tạo tự động.</p><p>Lorem ipsum...</p>', 'https://alias.vn/wp-content/uploads/2022/07/cropped-banner_2-1.png', 5, 1, 0, '2022-01-01 07:00:00', '2025-11-21 21:43:27');
INSERT INTO `posts` (`id`, `title`, `slug`, `excerpt`, `content`, `thumbnail_url`, `category_id`, `author_id`, `views`, `created_at`, `updated_at`) VALUES (349, 'Bài viết mẫu 7 - Đầu tư BĐS 2025 – 2026', 'bai-viet-mau-7-djau-tu-bdjs-2025-2026', 'Đây là đoạn trích mẫu cho bài viết số 7 thuộc danh mục Đầu tư BĐS 2025 – 2026. Nội dung này được tạo tự động.', '<p>Đây là đoạn trích mẫu cho bài viết số 7 thuộc danh mục Đầu tư BĐS 2025 – 2026. Nội dung này được tạo tự động.</p><p>Lorem ipsum...</p>', 'https://alias.vn/wp-content/uploads/2022/07/cropped-banner_2-1.png', 5, 1, 0, '2022-01-01 07:00:00', '2025-11-21 21:43:27');
INSERT INTO `posts` (`id`, `title`, `slug`, `excerpt`, `content`, `thumbnail_url`, `category_id`, `author_id`, `views`, `created_at`, `updated_at`) VALUES (350, 'Bài viết mẫu 8 - Đầu tư BĐS 2025 – 2026', 'bai-viet-mau-8-djau-tu-bdjs-2025-2026', 'Đây là đoạn trích mẫu cho bài viết số 8 thuộc danh mục Đầu tư BĐS 2025 – 2026. Nội dung này được tạo tự động.', '<p>Đây là đoạn trích mẫu cho bài viết số 8 thuộc danh mục Đầu tư BĐS 2025 – 2026. Nội dung này được tạo tự động.</p><p>Lorem ipsum...</p>', 'https://alias.vn/wp-content/uploads/2022/07/cropped-banner_2-1.png', 5, 1, 0, '2022-01-01 07:00:00', '2025-11-21 21:43:27');
INSERT INTO `posts` (`id`, `title`, `slug`, `excerpt`, `content`, `thumbnail_url`, `category_id`, `author_id`, `views`, `created_at`, `updated_at`) VALUES (351, 'Bài viết mẫu 9 - Đầu tư BĐS 2025 – 2026', 'bai-viet-mau-9-djau-tu-bdjs-2025-2026', 'Đây là đoạn trích mẫu cho bài viết số 9 thuộc danh mục Đầu tư BĐS 2025 – 2026. Nội dung này được tạo tự động.', '<p>Đây là đoạn trích mẫu cho bài viết số 9 thuộc danh mục Đầu tư BĐS 2025 – 2026. Nội dung này được tạo tự động.</p><p>Lorem ipsum...</p>', 'https://alias.vn/wp-content/uploads/2022/07/cropped-banner_2-1.png', 5, 1, 0, '2022-01-01 07:00:00', '2025-11-21 21:43:27');
INSERT INTO `posts` (`id`, `title`, `slug`, `excerpt`, `content`, `thumbnail_url`, `category_id`, `author_id`, `views`, `created_at`, `updated_at`) VALUES (352, 'Bài viết mẫu 10 - Đầu tư BĐS 2025 – 2026', 'bai-viet-mau-10-djau-tu-bdjs-2025-2026', 'Đây là đoạn trích mẫu cho bài viết số 10 thuộc danh mục Đầu tư BĐS 2025 – 2026. Nội dung này được tạo tự động.', '<p>Đây là đoạn trích mẫu cho bài viết số 10 thuộc danh mục Đầu tư BĐS 2025 – 2026. Nội dung này được tạo tự động.</p><p>Lorem ipsum...</p>', 'https://alias.vn/wp-content/uploads/2022/07/cropped-banner_2-1.png', 5, 1, 0, '2022-01-01 07:00:00', '2025-11-21 21:43:27');
INSERT INTO `posts` (`id`, `title`, `slug`, `excerpt`, `content`, `thumbnail_url`, `category_id`, `author_id`, `views`, `created_at`, `updated_at`) VALUES (353, 'Bài viết mẫu 11 - Đầu tư BĐS 2025 – 2026', 'bai-viet-mau-11-djau-tu-bdjs-2025-2026', 'Đây là đoạn trích mẫu cho bài viết số 11 thuộc danh mục Đầu tư BĐS 2025 – 2026. Nội dung này được tạo tự động.', '<p>Đây là đoạn trích mẫu cho bài viết số 11 thuộc danh mục Đầu tư BĐS 2025 – 2026. Nội dung này được tạo tự động.</p><p>Lorem ipsum...</p>', 'https://alias.vn/wp-content/uploads/2022/07/cropped-banner_2-1.png', 5, 1, 0, '2022-01-01 07:00:00', '2025-11-21 21:43:27');
INSERT INTO `posts` (`id`, `title`, `slug`, `excerpt`, `content`, `thumbnail_url`, `category_id`, `author_id`, `views`, `created_at`, `updated_at`) VALUES (354, 'Bài viết mẫu 12 - Đầu tư BĐS 2025 – 2026', 'bai-viet-mau-12-djau-tu-bdjs-2025-2026', 'Đây là đoạn trích mẫu cho bài viết số 12 thuộc danh mục Đầu tư BĐS 2025 – 2026. Nội dung này được tạo tự động.', '<p>Đây là đoạn trích mẫu cho bài viết số 12 thuộc danh mục Đầu tư BĐS 2025 – 2026. Nội dung này được tạo tự động.</p><p>Lorem ipsum...</p>', 'https://alias.vn/wp-content/uploads/2022/07/cropped-banner_2-1.png', 5, 1, 0, '2022-01-01 07:00:00', '2025-11-21 21:43:27');
INSERT INTO `posts` (`id`, `title`, `slug`, `excerpt`, `content`, `thumbnail_url`, `category_id`, `author_id`, `views`, `created_at`, `updated_at`) VALUES (355, 'Bài viết mẫu 13 - Đầu tư BĐS 2025 – 2026', 'bai-viet-mau-13-djau-tu-bdjs-2025-2026', 'Đây là đoạn trích mẫu cho bài viết số 13 thuộc danh mục Đầu tư BĐS 2025 – 2026. Nội dung này được tạo tự động.', '<p>Đây là đoạn trích mẫu cho bài viết số 13 thuộc danh mục Đầu tư BĐS 2025 – 2026. Nội dung này được tạo tự động.</p><p>Lorem ipsum...</p>', 'https://alias.vn/wp-content/uploads/2022/07/cropped-banner_2-1.png', 5, 1, 0, '2022-01-01 07:00:00', '2025-11-21 21:43:27');
INSERT INTO `posts` (`id`, `title`, `slug`, `excerpt`, `content`, `thumbnail_url`, `category_id`, `author_id`, `views`, `created_at`, `updated_at`) VALUES (356, 'Bài viết mẫu 14 - Đầu tư BĐS 2025 – 2026', 'bai-viet-mau-14-djau-tu-bdjs-2025-2026', 'Đây là đoạn trích mẫu cho bài viết số 14 thuộc danh mục Đầu tư BĐS 2025 – 2026. Nội dung này được tạo tự động.', '<p>Đây là đoạn trích mẫu cho bài viết số 14 thuộc danh mục Đầu tư BĐS 2025 – 2026. Nội dung này được tạo tự động.</p><p>Lorem ipsum...</p>', 'https://alias.vn/wp-content/uploads/2022/07/cropped-banner_2-1.png', 5, 1, 0, '2022-01-01 07:00:00', '2025-11-21 21:43:27');
INSERT INTO `posts` (`id`, `title`, `slug`, `excerpt`, `content`, `thumbnail_url`, `category_id`, `author_id`, `views`, `created_at`, `updated_at`) VALUES (357, 'Bài viết mẫu 15 - Đầu tư BĐS 2025 – 2026', 'bai-viet-mau-15-djau-tu-bdjs-2025-2026', 'Đây là đoạn trích mẫu cho bài viết số 15 thuộc danh mục Đầu tư BĐS 2025 – 2026. Nội dung này được tạo tự động.', '<p>Đây là đoạn trích mẫu cho bài viết số 15 thuộc danh mục Đầu tư BĐS 2025 – 2026. Nội dung này được tạo tự động.</p><p>Lorem ipsum...</p>', 'https://alias.vn/wp-content/uploads/2022/07/cropped-banner_2-1.png', 5, 1, 0, '2022-01-01 07:00:00', '2025-11-21 21:43:27');
INSERT INTO `posts` (`id`, `title`, `slug`, `excerpt`, `content`, `thumbnail_url`, `category_id`, `author_id`, `views`, `created_at`, `updated_at`) VALUES (358, 'Bài viết mẫu 16 - Đầu tư BĐS 2025 – 2026', 'bai-viet-mau-16-djau-tu-bdjs-2025-2026', 'Đây là đoạn trích mẫu cho bài viết số 16 thuộc danh mục Đầu tư BĐS 2025 – 2026. Nội dung này được tạo tự động.', '<p>Đây là đoạn trích mẫu cho bài viết số 16 thuộc danh mục Đầu tư BĐS 2025 – 2026. Nội dung này được tạo tự động.</p><p>Lorem ipsum...</p>', 'https://alias.vn/wp-content/uploads/2022/07/cropped-banner_2-1.png', 5, 1, 0, '2022-01-01 07:00:00', '2025-11-21 21:43:27');
INSERT INTO `posts` (`id`, `title`, `slug`, `excerpt`, `content`, `thumbnail_url`, `category_id`, `author_id`, `views`, `created_at`, `updated_at`) VALUES (359, 'Bài viết mẫu 17 - Đầu tư BĐS 2025 – 2026', 'bai-viet-mau-17-djau-tu-bdjs-2025-2026', 'Đây là đoạn trích mẫu cho bài viết số 17 thuộc danh mục Đầu tư BĐS 2025 – 2026. Nội dung này được tạo tự động.', '<p>Đây là đoạn trích mẫu cho bài viết số 17 thuộc danh mục Đầu tư BĐS 2025 – 2026. Nội dung này được tạo tự động.</p><p>Lorem ipsum...</p>', 'https://alias.vn/wp-content/uploads/2022/07/cropped-banner_2-1.png', 5, 1, 0, '2022-01-01 07:00:00', '2025-11-21 21:43:27');
INSERT INTO `posts` (`id`, `title`, `slug`, `excerpt`, `content`, `thumbnail_url`, `category_id`, `author_id`, `views`, `created_at`, `updated_at`) VALUES (360, 'Bài viết mẫu 18 - Đầu tư BĐS 2025 – 2026', 'bai-viet-mau-18-djau-tu-bdjs-2025-2026', 'Đây là đoạn trích mẫu cho bài viết số 18 thuộc danh mục Đầu tư BĐS 2025 – 2026. Nội dung này được tạo tự động.', '<p>Đây là đoạn trích mẫu cho bài viết số 18 thuộc danh mục Đầu tư BĐS 2025 – 2026. Nội dung này được tạo tự động.</p><p>Lorem ipsum...</p>', 'https://alias.vn/wp-content/uploads/2022/07/cropped-banner_2-1.png', 5, 1, 0, '2022-01-01 07:00:00', '2025-11-21 21:43:27');
INSERT INTO `posts` (`id`, `title`, `slug`, `excerpt`, `content`, `thumbnail_url`, `category_id`, `author_id`, `views`, `created_at`, `updated_at`) VALUES (361, 'Bài viết mẫu 19 - Đầu tư BĐS 2025 – 2026', 'bai-viet-mau-19-djau-tu-bdjs-2025-2026', 'Đây là đoạn trích mẫu cho bài viết số 19 thuộc danh mục Đầu tư BĐS 2025 – 2026. Nội dung này được tạo tự động.', '<p>Đây là đoạn trích mẫu cho bài viết số 19 thuộc danh mục Đầu tư BĐS 2025 – 2026. Nội dung này được tạo tự động.</p><p>Lorem ipsum...</p>', 'https://alias.vn/wp-content/uploads/2022/07/cropped-banner_2-1.png', 5, 1, 0, '2022-01-01 07:00:00', '2025-11-21 21:43:27');
INSERT INTO `posts` (`id`, `title`, `slug`, `excerpt`, `content`, `thumbnail_url`, `category_id`, `author_id`, `views`, `created_at`, `updated_at`) VALUES (362, 'Bài viết mẫu 20 - Đầu tư BĐS 2025 – 2026', 'bai-viet-mau-20-djau-tu-bdjs-2025-2026', 'Đây là đoạn trích mẫu cho bài viết số 20 thuộc danh mục Đầu tư BĐS 2025 – 2026. Nội dung này được tạo tự động.', '<p>Đây là đoạn trích mẫu cho bài viết số 20 thuộc danh mục Đầu tư BĐS 2025 – 2026. Nội dung này được tạo tự động.</p><p>Lorem ipsum...</p>', 'https://alias.vn/wp-content/uploads/2022/07/cropped-banner_2-1.png', 5, 1, 0, '2022-01-01 07:00:00', '2025-11-21 21:43:27');
INSERT INTO `posts` (`id`, `title`, `slug`, `excerpt`, `content`, `thumbnail_url`, `category_id`, `author_id`, `views`, `created_at`, `updated_at`) VALUES (363, 'Bài viết mẫu 21 - Đầu tư BĐS 2025 – 2026', 'bai-viet-mau-21-djau-tu-bdjs-2025-2026', 'Đây là đoạn trích mẫu cho bài viết số 21 thuộc danh mục Đầu tư BĐS 2025 – 2026. Nội dung này được tạo tự động.', '<p>Đây là đoạn trích mẫu cho bài viết số 21 thuộc danh mục Đầu tư BĐS 2025 – 2026. Nội dung này được tạo tự động.</p><p>Lorem ipsum...</p>', 'https://alias.vn/wp-content/uploads/2022/07/cropped-banner_2-1.png', 5, 1, 0, '2022-01-01 07:00:00', '2025-11-21 21:43:27');
INSERT INTO `posts` (`id`, `title`, `slug`, `excerpt`, `content`, `thumbnail_url`, `category_id`, `author_id`, `views`, `created_at`, `updated_at`) VALUES (364, 'Bài viết mẫu 22 - Đầu tư BĐS 2025 – 2026', 'bai-viet-mau-22-djau-tu-bdjs-2025-2026', 'Đây là đoạn trích mẫu cho bài viết số 22 thuộc danh mục Đầu tư BĐS 2025 – 2026. Nội dung này được tạo tự động.', '<p>Đây là đoạn trích mẫu cho bài viết số 22 thuộc danh mục Đầu tư BĐS 2025 – 2026. Nội dung này được tạo tự động.</p><p>Lorem ipsum...</p>', 'https://alias.vn/wp-content/uploads/2022/07/cropped-banner_2-1.png', 5, 1, 0, '2022-01-01 07:00:00', '2025-11-21 21:43:27');
INSERT INTO `posts` (`id`, `title`, `slug`, `excerpt`, `content`, `thumbnail_url`, `category_id`, `author_id`, `views`, `created_at`, `updated_at`) VALUES (365, 'Bài viết mẫu 23 - Đầu tư BĐS 2025 – 2026', 'bai-viet-mau-23-djau-tu-bdjs-2025-2026', 'Đây là đoạn trích mẫu cho bài viết số 23 thuộc danh mục Đầu tư BĐS 2025 – 2026. Nội dung này được tạo tự động.', '<p>Đây là đoạn trích mẫu cho bài viết số 23 thuộc danh mục Đầu tư BĐS 2025 – 2026. Nội dung này được tạo tự động.</p><p>Lorem ipsum...</p>', 'https://alias.vn/wp-content/uploads/2022/07/cropped-banner_2-1.png', 5, 1, 0, '2022-01-01 07:00:00', '2025-11-21 21:43:27');
INSERT INTO `posts` (`id`, `title`, `slug`, `excerpt`, `content`, `thumbnail_url`, `category_id`, `author_id`, `views`, `created_at`, `updated_at`) VALUES (366, 'Bài viết mẫu 24 - Đầu tư BĐS 2025 – 2026', 'bai-viet-mau-24-djau-tu-bdjs-2025-2026', 'Đây là đoạn trích mẫu cho bài viết số 24 thuộc danh mục Đầu tư BĐS 2025 – 2026. Nội dung này được tạo tự động.', '<p>Đây là đoạn trích mẫu cho bài viết số 24 thuộc danh mục Đầu tư BĐS 2025 – 2026. Nội dung này được tạo tự động.</p><p>Lorem ipsum...</p>', 'https://alias.vn/wp-content/uploads/2022/07/cropped-banner_2-1.png', 5, 1, 0, '2022-01-01 07:00:00', '2025-11-21 21:43:27');
INSERT INTO `posts` (`id`, `title`, `slug`, `excerpt`, `content`, `thumbnail_url`, `category_id`, `author_id`, `views`, `created_at`, `updated_at`) VALUES (367, 'Bài viết mẫu 25 - Đầu tư BĐS 2025 – 2026', 'bai-viet-mau-25-djau-tu-bdjs-2025-2026', 'Đây là đoạn trích mẫu cho bài viết số 25 thuộc danh mục Đầu tư BĐS 2025 – 2026. Nội dung này được tạo tự động.', '<p>Đây là đoạn trích mẫu cho bài viết số 25 thuộc danh mục Đầu tư BĐS 2025 – 2026. Nội dung này được tạo tự động.</p><p>Lorem ipsum...</p>', 'https://alias.vn/wp-content/uploads/2022/07/cropped-banner_2-1.png', 5, 1, 0, '2022-01-01 07:00:00', '2025-11-21 21:43:27');
INSERT INTO `posts` (`id`, `title`, `slug`, `excerpt`, `content`, `thumbnail_url`, `category_id`, `author_id`, `views`, `created_at`, `updated_at`) VALUES (368, 'Bài viết mẫu 26 - Đầu tư BĐS 2025 – 2026', 'bai-viet-mau-26-djau-tu-bdjs-2025-2026', 'Đây là đoạn trích mẫu cho bài viết số 26 thuộc danh mục Đầu tư BĐS 2025 – 2026. Nội dung này được tạo tự động.', '<p>Đây là đoạn trích mẫu cho bài viết số 26 thuộc danh mục Đầu tư BĐS 2025 – 2026. Nội dung này được tạo tự động.</p><p>Lorem ipsum...</p>', 'https://alias.vn/wp-content/uploads/2022/07/cropped-banner_2-1.png', 5, 1, 0, '2022-01-01 07:00:00', '2025-11-21 21:43:27');
INSERT INTO `posts` (`id`, `title`, `slug`, `excerpt`, `content`, `thumbnail_url`, `category_id`, `author_id`, `views`, `created_at`, `updated_at`) VALUES (369, 'Bài viết mẫu 27 - Đầu tư BĐS 2025 – 2026', 'bai-viet-mau-27-djau-tu-bdjs-2025-2026', 'Đây là đoạn trích mẫu cho bài viết số 27 thuộc danh mục Đầu tư BĐS 2025 – 2026. Nội dung này được tạo tự động.', '<p>Đây là đoạn trích mẫu cho bài viết số 27 thuộc danh mục Đầu tư BĐS 2025 – 2026. Nội dung này được tạo tự động.</p><p>Lorem ipsum...</p>', 'https://alias.vn/wp-content/uploads/2022/07/cropped-banner_2-1.png', 5, 1, 0, '2022-01-01 07:00:00', '2025-11-21 21:43:27');
INSERT INTO `posts` (`id`, `title`, `slug`, `excerpt`, `content`, `thumbnail_url`, `category_id`, `author_id`, `views`, `created_at`, `updated_at`) VALUES (370, 'Bài viết mẫu 28 - Đầu tư BĐS 2025 – 2026', 'bai-viet-mau-28-djau-tu-bdjs-2025-2026', 'Đây là đoạn trích mẫu cho bài viết số 28 thuộc danh mục Đầu tư BĐS 2025 – 2026. Nội dung này được tạo tự động.', '<p>Đây là đoạn trích mẫu cho bài viết số 28 thuộc danh mục Đầu tư BĐS 2025 – 2026. Nội dung này được tạo tự động.</p><p>Lorem ipsum...</p>', 'https://alias.vn/wp-content/uploads/2022/07/cropped-banner_2-1.png', 5, 1, 0, '2022-01-01 07:00:00', '2025-11-21 21:43:27');
INSERT INTO `posts` (`id`, `title`, `slug`, `excerpt`, `content`, `thumbnail_url`, `category_id`, `author_id`, `views`, `created_at`, `updated_at`) VALUES (371, 'Bài viết mẫu 29 - Đầu tư BĐS 2025 – 2026', 'bai-viet-mau-29-djau-tu-bdjs-2025-2026', 'Đây là đoạn trích mẫu cho bài viết số 29 thuộc danh mục Đầu tư BĐS 2025 – 2026. Nội dung này được tạo tự động.', '<p>Đây là đoạn trích mẫu cho bài viết số 29 thuộc danh mục Đầu tư BĐS 2025 – 2026. Nội dung này được tạo tự động.</p><p>Lorem ipsum...</p>', 'https://alias.vn/wp-content/uploads/2022/07/cropped-banner_2-1.png', 5, 1, 0, '2022-01-01 07:00:00', '2025-11-21 21:43:27');
INSERT INTO `posts` (`id`, `title`, `slug`, `excerpt`, `content`, `thumbnail_url`, `category_id`, `author_id`, `views`, `created_at`, `updated_at`) VALUES (372, 'Bài viết mẫu 30 - Đầu tư BĐS 2025 – 2026', 'bai-viet-mau-30-djau-tu-bdjs-2025-2026', 'Đây là đoạn trích mẫu cho bài viết số 30 thuộc danh mục Đầu tư BĐS 2025 – 2026. Nội dung này được tạo tự động.', '<p>Đây là đoạn trích mẫu cho bài viết số 30 thuộc danh mục Đầu tư BĐS 2025 – 2026. Nội dung này được tạo tự động.</p><p>Lorem ipsum...</p>', 'https://alias.vn/wp-content/uploads/2022/07/cropped-banner_2-1.png', 5, 1, 0, '2022-01-01 07:00:00', '2025-11-21 21:43:27');
INSERT INTO `posts` (`id`, `title`, `slug`, `excerpt`, `content`, `thumbnail_url`, `category_id`, `author_id`, `views`, `created_at`, `updated_at`) VALUES (373, 'Bài viết mẫu 1 - Tìm đối tác', 'bai-viet-mau-1-tim-djoi-tac', 'Đây là đoạn trích mẫu cho bài viết số 1 thuộc danh mục Tìm đối tác. Nội dung này được tạo tự động.', '<p>Đây là đoạn trích mẫu cho bài viết số 1 thuộc danh mục Tìm đối tác. Nội dung này được tạo tự động.</p><p>Lorem ipsum...</p>', 'https://alias.vn/wp-content/uploads/2022/07/cropped-banner_2-1.png', 6, 1, 0, '2022-01-01 07:00:00', '2025-11-21 21:43:27');
INSERT INTO `posts` (`id`, `title`, `slug`, `excerpt`, `content`, `thumbnail_url`, `category_id`, `author_id`, `views`, `created_at`, `updated_at`) VALUES (374, 'Bài viết mẫu 2 - Tìm đối tác', 'bai-viet-mau-2-tim-djoi-tac', 'Đây là đoạn trích mẫu cho bài viết số 2 thuộc danh mục Tìm đối tác. Nội dung này được tạo tự động.', '<p>Đây là đoạn trích mẫu cho bài viết số 2 thuộc danh mục Tìm đối tác. Nội dung này được tạo tự động.</p><p>Lorem ipsum...</p>', 'https://alias.vn/wp-content/uploads/2022/07/cropped-banner_2-1.png', 6, 1, 0, '2022-01-01 07:00:00', '2025-11-21 21:43:27');
INSERT INTO `posts` (`id`, `title`, `slug`, `excerpt`, `content`, `thumbnail_url`, `category_id`, `author_id`, `views`, `created_at`, `updated_at`) VALUES (375, 'Bài viết mẫu 3 - Tìm đối tác', 'bai-viet-mau-3-tim-djoi-tac', 'Đây là đoạn trích mẫu cho bài viết số 3 thuộc danh mục Tìm đối tác. Nội dung này được tạo tự động.', '<p>Đây là đoạn trích mẫu cho bài viết số 3 thuộc danh mục Tìm đối tác. Nội dung này được tạo tự động.</p><p>Lorem ipsum...</p>', 'https://alias.vn/wp-content/uploads/2022/07/cropped-banner_2-1.png', 6, 1, 0, '2022-01-01 07:00:00', '2025-11-21 21:43:27');
INSERT INTO `posts` (`id`, `title`, `slug`, `excerpt`, `content`, `thumbnail_url`, `category_id`, `author_id`, `views`, `created_at`, `updated_at`) VALUES (376, 'Bài viết mẫu 4 - Tìm đối tác', 'bai-viet-mau-4-tim-djoi-tac', 'Đây là đoạn trích mẫu cho bài viết số 4 thuộc danh mục Tìm đối tác. Nội dung này được tạo tự động.', '<p>Đây là đoạn trích mẫu cho bài viết số 4 thuộc danh mục Tìm đối tác. Nội dung này được tạo tự động.</p><p>Lorem ipsum...</p>', 'https://alias.vn/wp-content/uploads/2022/07/cropped-banner_2-1.png', 6, 1, 0, '2022-01-01 07:00:00', '2025-11-21 21:43:27');
INSERT INTO `posts` (`id`, `title`, `slug`, `excerpt`, `content`, `thumbnail_url`, `category_id`, `author_id`, `views`, `created_at`, `updated_at`) VALUES (377, 'Bài viết mẫu 5 - Tìm đối tác', 'bai-viet-mau-5-tim-djoi-tac', 'Đây là đoạn trích mẫu cho bài viết số 5 thuộc danh mục Tìm đối tác. Nội dung này được tạo tự động.', '<p>Đây là đoạn trích mẫu cho bài viết số 5 thuộc danh mục Tìm đối tác. Nội dung này được tạo tự động.</p><p>Lorem ipsum...</p>', 'https://alias.vn/wp-content/uploads/2022/07/cropped-banner_2-1.png', 6, 1, 0, '2022-01-01 07:00:00', '2025-11-21 21:43:27');
INSERT INTO `posts` (`id`, `title`, `slug`, `excerpt`, `content`, `thumbnail_url`, `category_id`, `author_id`, `views`, `created_at`, `updated_at`) VALUES (378, 'Bài viết mẫu 6 - Tìm đối tác', 'bai-viet-mau-6-tim-djoi-tac', 'Đây là đoạn trích mẫu cho bài viết số 6 thuộc danh mục Tìm đối tác. Nội dung này được tạo tự động.', '<p>Đây là đoạn trích mẫu cho bài viết số 6 thuộc danh mục Tìm đối tác. Nội dung này được tạo tự động.</p><p>Lorem ipsum...</p>', 'https://alias.vn/wp-content/uploads/2022/07/cropped-banner_2-1.png', 6, 1, 0, '2022-01-01 07:00:00', '2025-11-21 21:43:27');
INSERT INTO `posts` (`id`, `title`, `slug`, `excerpt`, `content`, `thumbnail_url`, `category_id`, `author_id`, `views`, `created_at`, `updated_at`) VALUES (379, 'Bài viết mẫu 7 - Tìm đối tác', 'bai-viet-mau-7-tim-djoi-tac', 'Đây là đoạn trích mẫu cho bài viết số 7 thuộc danh mục Tìm đối tác. Nội dung này được tạo tự động.', '<p>Đây là đoạn trích mẫu cho bài viết số 7 thuộc danh mục Tìm đối tác. Nội dung này được tạo tự động.</p><p>Lorem ipsum...</p>', 'https://alias.vn/wp-content/uploads/2022/07/cropped-banner_2-1.png', 6, 1, 0, '2022-01-01 07:00:00', '2025-11-21 21:43:27');
INSERT INTO `posts` (`id`, `title`, `slug`, `excerpt`, `content`, `thumbnail_url`, `category_id`, `author_id`, `views`, `created_at`, `updated_at`) VALUES (380, 'Bài viết mẫu 8 - Tìm đối tác', 'bai-viet-mau-8-tim-djoi-tac', 'Đây là đoạn trích mẫu cho bài viết số 8 thuộc danh mục Tìm đối tác. Nội dung này được tạo tự động.', '<p>Đây là đoạn trích mẫu cho bài viết số 8 thuộc danh mục Tìm đối tác. Nội dung này được tạo tự động.</p><p>Lorem ipsum...</p>', 'https://alias.vn/wp-content/uploads/2022/07/cropped-banner_2-1.png', 6, 1, 0, '2022-01-01 07:00:00', '2025-11-21 21:43:27');
INSERT INTO `posts` (`id`, `title`, `slug`, `excerpt`, `content`, `thumbnail_url`, `category_id`, `author_id`, `views`, `created_at`, `updated_at`) VALUES (381, 'Bài viết mẫu 9 - Tìm đối tác', 'bai-viet-mau-9-tim-djoi-tac', 'Đây là đoạn trích mẫu cho bài viết số 9 thuộc danh mục Tìm đối tác. Nội dung này được tạo tự động.', '<p>Đây là đoạn trích mẫu cho bài viết số 9 thuộc danh mục Tìm đối tác. Nội dung này được tạo tự động.</p><p>Lorem ipsum...</p>', 'https://alias.vn/wp-content/uploads/2022/07/cropped-banner_2-1.png', 6, 1, 0, '2022-01-01 07:00:00', '2025-11-21 21:43:27');
INSERT INTO `posts` (`id`, `title`, `slug`, `excerpt`, `content`, `thumbnail_url`, `category_id`, `author_id`, `views`, `created_at`, `updated_at`) VALUES (382, 'Bài viết mẫu 10 - Tìm đối tác', 'bai-viet-mau-10-tim-djoi-tac', 'Đây là đoạn trích mẫu cho bài viết số 10 thuộc danh mục Tìm đối tác. Nội dung này được tạo tự động.', '<p>Đây là đoạn trích mẫu cho bài viết số 10 thuộc danh mục Tìm đối tác. Nội dung này được tạo tự động.</p><p>Lorem ipsum...</p>', 'https://alias.vn/wp-content/uploads/2022/07/cropped-banner_2-1.png', 6, 1, 0, '2022-01-01 07:00:00', '2025-11-21 21:43:27');
INSERT INTO `posts` (`id`, `title`, `slug`, `excerpt`, `content`, `thumbnail_url`, `category_id`, `author_id`, `views`, `created_at`, `updated_at`) VALUES (383, 'Bài viết mẫu 11 - Tìm đối tác', 'bai-viet-mau-11-tim-djoi-tac', 'Đây là đoạn trích mẫu cho bài viết số 11 thuộc danh mục Tìm đối tác. Nội dung này được tạo tự động.', '<p>Đây là đoạn trích mẫu cho bài viết số 11 thuộc danh mục Tìm đối tác. Nội dung này được tạo tự động.</p><p>Lorem ipsum...</p>', 'https://alias.vn/wp-content/uploads/2022/07/cropped-banner_2-1.png', 6, 1, 0, '2022-01-01 07:00:00', '2025-11-21 21:43:27');
INSERT INTO `posts` (`id`, `title`, `slug`, `excerpt`, `content`, `thumbnail_url`, `category_id`, `author_id`, `views`, `created_at`, `updated_at`) VALUES (384, 'Bài viết mẫu 12 - Tìm đối tác', 'bai-viet-mau-12-tim-djoi-tac', 'Đây là đoạn trích mẫu cho bài viết số 12 thuộc danh mục Tìm đối tác. Nội dung này được tạo tự động.', '<p>Đây là đoạn trích mẫu cho bài viết số 12 thuộc danh mục Tìm đối tác. Nội dung này được tạo tự động.</p><p>Lorem ipsum...</p>', 'https://alias.vn/wp-content/uploads/2022/07/cropped-banner_2-1.png', 6, 1, 0, '2022-01-01 07:00:00', '2025-11-21 21:43:27');
INSERT INTO `posts` (`id`, `title`, `slug`, `excerpt`, `content`, `thumbnail_url`, `category_id`, `author_id`, `views`, `created_at`, `updated_at`) VALUES (385, 'Bài viết mẫu 13 - Tìm đối tác', 'bai-viet-mau-13-tim-djoi-tac', 'Đây là đoạn trích mẫu cho bài viết số 13 thuộc danh mục Tìm đối tác. Nội dung này được tạo tự động.', '<p>Đây là đoạn trích mẫu cho bài viết số 13 thuộc danh mục Tìm đối tác. Nội dung này được tạo tự động.</p><p>Lorem ipsum...</p>', 'https://alias.vn/wp-content/uploads/2022/07/cropped-banner_2-1.png', 6, 1, 0, '2022-01-01 07:00:00', '2025-11-21 21:43:27');
INSERT INTO `posts` (`id`, `title`, `slug`, `excerpt`, `content`, `thumbnail_url`, `category_id`, `author_id`, `views`, `created_at`, `updated_at`) VALUES (386, 'Bài viết mẫu 14 - Tìm đối tác', 'bai-viet-mau-14-tim-djoi-tac', 'Đây là đoạn trích mẫu cho bài viết số 14 thuộc danh mục Tìm đối tác. Nội dung này được tạo tự động.', '<p>Đây là đoạn trích mẫu cho bài viết số 14 thuộc danh mục Tìm đối tác. Nội dung này được tạo tự động.</p><p>Lorem ipsum...</p>', 'https://alias.vn/wp-content/uploads/2022/07/cropped-banner_2-1.png', 6, 1, 0, '2022-01-01 07:00:00', '2025-11-21 21:43:27');
INSERT INTO `posts` (`id`, `title`, `slug`, `excerpt`, `content`, `thumbnail_url`, `category_id`, `author_id`, `views`, `created_at`, `updated_at`) VALUES (387, 'Bài viết mẫu 15 - Tìm đối tác', 'bai-viet-mau-15-tim-djoi-tac', 'Đây là đoạn trích mẫu cho bài viết số 15 thuộc danh mục Tìm đối tác. Nội dung này được tạo tự động.', '<p>Đây là đoạn trích mẫu cho bài viết số 15 thuộc danh mục Tìm đối tác. Nội dung này được tạo tự động.</p><p>Lorem ipsum...</p>', 'https://alias.vn/wp-content/uploads/2022/07/cropped-banner_2-1.png', 6, 1, 0, '2022-01-01 07:00:00', '2025-11-21 21:43:27');
INSERT INTO `posts` (`id`, `title`, `slug`, `excerpt`, `content`, `thumbnail_url`, `category_id`, `author_id`, `views`, `created_at`, `updated_at`) VALUES (388, 'Bài viết mẫu 16 - Tìm đối tác', 'bai-viet-mau-16-tim-djoi-tac', 'Đây là đoạn trích mẫu cho bài viết số 16 thuộc danh mục Tìm đối tác. Nội dung này được tạo tự động.', '<p>Đây là đoạn trích mẫu cho bài viết số 16 thuộc danh mục Tìm đối tác. Nội dung này được tạo tự động.</p><p>Lorem ipsum...</p>', 'https://alias.vn/wp-content/uploads/2022/07/cropped-banner_2-1.png', 6, 1, 0, '2022-01-01 07:00:00', '2025-11-21 21:43:27');
INSERT INTO `posts` (`id`, `title`, `slug`, `excerpt`, `content`, `thumbnail_url`, `category_id`, `author_id`, `views`, `created_at`, `updated_at`) VALUES (389, 'Bài viết mẫu 17 - Tìm đối tác', 'bai-viet-mau-17-tim-djoi-tac', 'Đây là đoạn trích mẫu cho bài viết số 17 thuộc danh mục Tìm đối tác. Nội dung này được tạo tự động.', '<p>Đây là đoạn trích mẫu cho bài viết số 17 thuộc danh mục Tìm đối tác. Nội dung này được tạo tự động.</p><p>Lorem ipsum...</p>', 'https://alias.vn/wp-content/uploads/2022/07/cropped-banner_2-1.png', 6, 1, 0, '2022-01-01 07:00:00', '2025-11-21 21:43:27');
INSERT INTO `posts` (`id`, `title`, `slug`, `excerpt`, `content`, `thumbnail_url`, `category_id`, `author_id`, `views`, `created_at`, `updated_at`) VALUES (390, 'Bài viết mẫu 18 - Tìm đối tác', 'bai-viet-mau-18-tim-djoi-tac', 'Đây là đoạn trích mẫu cho bài viết số 18 thuộc danh mục Tìm đối tác. Nội dung này được tạo tự động.', '<p>Đây là đoạn trích mẫu cho bài viết số 18 thuộc danh mục Tìm đối tác. Nội dung này được tạo tự động.</p><p>Lorem ipsum...</p>', 'https://alias.vn/wp-content/uploads/2022/07/cropped-banner_2-1.png', 6, 1, 0, '2022-01-01 07:00:00', '2025-11-21 21:43:27');
INSERT INTO `posts` (`id`, `title`, `slug`, `excerpt`, `content`, `thumbnail_url`, `category_id`, `author_id`, `views`, `created_at`, `updated_at`) VALUES (391, 'Bài viết mẫu 19 - Tìm đối tác', 'bai-viet-mau-19-tim-djoi-tac', 'Đây là đoạn trích mẫu cho bài viết số 19 thuộc danh mục Tìm đối tác. Nội dung này được tạo tự động.', '<p>Đây là đoạn trích mẫu cho bài viết số 19 thuộc danh mục Tìm đối tác. Nội dung này được tạo tự động.</p><p>Lorem ipsum...</p>', 'https://alias.vn/wp-content/uploads/2022/07/cropped-banner_2-1.png', 6, 1, 0, '2022-01-01 07:00:00', '2025-11-21 21:43:27');
INSERT INTO `posts` (`id`, `title`, `slug`, `excerpt`, `content`, `thumbnail_url`, `category_id`, `author_id`, `views`, `created_at`, `updated_at`) VALUES (392, 'Bài viết mẫu 20 - Tìm đối tác', 'bai-viet-mau-20-tim-djoi-tac', 'Đây là đoạn trích mẫu cho bài viết số 20 thuộc danh mục Tìm đối tác. Nội dung này được tạo tự động.', '<p>Đây là đoạn trích mẫu cho bài viết số 20 thuộc danh mục Tìm đối tác. Nội dung này được tạo tự động.</p><p>Lorem ipsum...</p>', 'https://alias.vn/wp-content/uploads/2022/07/cropped-banner_2-1.png', 6, 1, 0, '2022-01-01 07:00:00', '2025-11-21 21:43:27');
INSERT INTO `posts` (`id`, `title`, `slug`, `excerpt`, `content`, `thumbnail_url`, `category_id`, `author_id`, `views`, `created_at`, `updated_at`) VALUES (393, 'Bài viết mẫu 21 - Tìm đối tác', 'bai-viet-mau-21-tim-djoi-tac', 'Đây là đoạn trích mẫu cho bài viết số 21 thuộc danh mục Tìm đối tác. Nội dung này được tạo tự động.', '<p>Đây là đoạn trích mẫu cho bài viết số 21 thuộc danh mục Tìm đối tác. Nội dung này được tạo tự động.</p><p>Lorem ipsum...</p>', 'https://alias.vn/wp-content/uploads/2022/07/cropped-banner_2-1.png', 6, 1, 0, '2022-01-01 07:00:00', '2025-11-21 21:43:27');
INSERT INTO `posts` (`id`, `title`, `slug`, `excerpt`, `content`, `thumbnail_url`, `category_id`, `author_id`, `views`, `created_at`, `updated_at`) VALUES (394, 'Bài viết mẫu 22 - Tìm đối tác', 'bai-viet-mau-22-tim-djoi-tac', 'Đây là đoạn trích mẫu cho bài viết số 22 thuộc danh mục Tìm đối tác. Nội dung này được tạo tự động.', '<p>Đây là đoạn trích mẫu cho bài viết số 22 thuộc danh mục Tìm đối tác. Nội dung này được tạo tự động.</p><p>Lorem ipsum...</p>', 'https://alias.vn/wp-content/uploads/2022/07/cropped-banner_2-1.png', 6, 1, 0, '2022-01-01 07:00:00', '2025-11-21 21:43:27');
INSERT INTO `posts` (`id`, `title`, `slug`, `excerpt`, `content`, `thumbnail_url`, `category_id`, `author_id`, `views`, `created_at`, `updated_at`) VALUES (395, 'Bài viết mẫu 23 - Tìm đối tác', 'bai-viet-mau-23-tim-djoi-tac', 'Đây là đoạn trích mẫu cho bài viết số 23 thuộc danh mục Tìm đối tác. Nội dung này được tạo tự động.', '<p>Đây là đoạn trích mẫu cho bài viết số 23 thuộc danh mục Tìm đối tác. Nội dung này được tạo tự động.</p><p>Lorem ipsum...</p>', 'https://alias.vn/wp-content/uploads/2022/07/cropped-banner_2-1.png', 6, 1, 0, '2022-01-01 07:00:00', '2025-11-21 21:43:27');
INSERT INTO `posts` (`id`, `title`, `slug`, `excerpt`, `content`, `thumbnail_url`, `category_id`, `author_id`, `views`, `created_at`, `updated_at`) VALUES (396, 'Bài viết mẫu 24 - Tìm đối tác', 'bai-viet-mau-24-tim-djoi-tac', 'Đây là đoạn trích mẫu cho bài viết số 24 thuộc danh mục Tìm đối tác. Nội dung này được tạo tự động.', '<p>Đây là đoạn trích mẫu cho bài viết số 24 thuộc danh mục Tìm đối tác. Nội dung này được tạo tự động.</p><p>Lorem ipsum...</p>', 'https://alias.vn/wp-content/uploads/2022/07/cropped-banner_2-1.png', 6, 1, 0, '2022-01-01 07:00:00', '2025-11-21 21:43:27');
INSERT INTO `posts` (`id`, `title`, `slug`, `excerpt`, `content`, `thumbnail_url`, `category_id`, `author_id`, `views`, `created_at`, `updated_at`) VALUES (397, 'Bài viết mẫu 25 - Tìm đối tác', 'bai-viet-mau-25-tim-djoi-tac', 'Đây là đoạn trích mẫu cho bài viết số 25 thuộc danh mục Tìm đối tác. Nội dung này được tạo tự động.', '<p>Đây là đoạn trích mẫu cho bài viết số 25 thuộc danh mục Tìm đối tác. Nội dung này được tạo tự động.</p><p>Lorem ipsum...</p>', 'https://alias.vn/wp-content/uploads/2022/07/cropped-banner_2-1.png', 6, 1, 0, '2022-01-01 07:00:00', '2025-11-21 21:43:27');
INSERT INTO `posts` (`id`, `title`, `slug`, `excerpt`, `content`, `thumbnail_url`, `category_id`, `author_id`, `views`, `created_at`, `updated_at`) VALUES (398, 'Bài viết mẫu 26 - Tìm đối tác', 'bai-viet-mau-26-tim-djoi-tac', 'Đây là đoạn trích mẫu cho bài viết số 26 thuộc danh mục Tìm đối tác. Nội dung này được tạo tự động.', '<p>Đây là đoạn trích mẫu cho bài viết số 26 thuộc danh mục Tìm đối tác. Nội dung này được tạo tự động.</p><p>Lorem ipsum...</p>', 'https://alias.vn/wp-content/uploads/2022/07/cropped-banner_2-1.png', 6, 1, 0, '2022-01-01 07:00:00', '2025-11-21 21:43:27');
INSERT INTO `posts` (`id`, `title`, `slug`, `excerpt`, `content`, `thumbnail_url`, `category_id`, `author_id`, `views`, `created_at`, `updated_at`) VALUES (399, 'Bài viết mẫu 27 - Tìm đối tác', 'bai-viet-mau-27-tim-djoi-tac', 'Đây là đoạn trích mẫu cho bài viết số 27 thuộc danh mục Tìm đối tác. Nội dung này được tạo tự động.', '<p>Đây là đoạn trích mẫu cho bài viết số 27 thuộc danh mục Tìm đối tác. Nội dung này được tạo tự động.</p><p>Lorem ipsum...</p>', 'https://alias.vn/wp-content/uploads/2022/07/cropped-banner_2-1.png', 6, 1, 0, '2022-01-01 07:00:00', '2025-11-21 21:43:27');
INSERT INTO `posts` (`id`, `title`, `slug`, `excerpt`, `content`, `thumbnail_url`, `category_id`, `author_id`, `views`, `created_at`, `updated_at`) VALUES (400, 'Bài viết mẫu 28 - Tìm đối tác', 'bai-viet-mau-28-tim-djoi-tac', 'Đây là đoạn trích mẫu cho bài viết số 28 thuộc danh mục Tìm đối tác. Nội dung này được tạo tự động.', '<p>Đây là đoạn trích mẫu cho bài viết số 28 thuộc danh mục Tìm đối tác. Nội dung này được tạo tự động.</p><p>Lorem ipsum...</p>', 'https://alias.vn/wp-content/uploads/2022/07/cropped-banner_2-1.png', 6, 1, 0, '2022-01-01 07:00:00', '2025-11-21 21:43:27');
INSERT INTO `posts` (`id`, `title`, `slug`, `excerpt`, `content`, `thumbnail_url`, `category_id`, `author_id`, `views`, `created_at`, `updated_at`) VALUES (401, 'Bài viết mẫu 29 - Tìm đối tác', 'bai-viet-mau-29-tim-djoi-tac', 'Đây là đoạn trích mẫu cho bài viết số 29 thuộc danh mục Tìm đối tác. Nội dung này được tạo tự động.', '<p>Đây là đoạn trích mẫu cho bài viết số 29 thuộc danh mục Tìm đối tác. Nội dung này được tạo tự động.</p><p>Lorem ipsum...</p>', 'https://alias.vn/wp-content/uploads/2022/07/cropped-banner_2-1.png', 6, 1, 0, '2022-01-01 07:00:00', '2025-11-21 21:43:27');
INSERT INTO `posts` (`id`, `title`, `slug`, `excerpt`, `content`, `thumbnail_url`, `category_id`, `author_id`, `views`, `created_at`, `updated_at`) VALUES (402, 'Bài viết mẫu 30 - Tìm đối tác', 'bai-viet-mau-30-tim-djoi-tac', 'Đây là đoạn trích mẫu cho bài viết số 30 thuộc danh mục Tìm đối tác. Nội dung này được tạo tự động.', '<p>Đây là đoạn trích mẫu cho bài viết số 30 thuộc danh mục Tìm đối tác. Nội dung này được tạo tự động.</p><p>Lorem ipsum...</p>', 'https://alias.vn/wp-content/uploads/2022/07/cropped-banner_2-1.png', 6, 1, 0, '2022-01-01 07:00:00', '2025-11-21 21:43:27');
INSERT INTO `posts` (`id`, `title`, `slug`, `excerpt`, `content`, `thumbnail_url`, `category_id`, `author_id`, `views`, `created_at`, `updated_at`) VALUES (403, 'Bài viết mẫu 1 - Nghiệp vụ tại VPS', 'bai-viet-mau-1-nghiep-vu-tai-vps', 'Đây là đoạn trích mẫu cho bài viết số 1 thuộc danh mục Nghiệp vụ tại VPS. Nội dung này được tạo tự động.', '<p>Đây là đoạn trích mẫu cho bài viết số 1 thuộc danh mục Nghiệp vụ tại VPS. Nội dung này được tạo tự động.</p><p>Lorem ipsum...</p>', 'https://alias.vn/wp-content/uploads/2022/07/cropped-banner_2-1.png', 7, 1, 0, '2022-01-01 07:00:00', '2025-11-21 21:43:27');
INSERT INTO `posts` (`id`, `title`, `slug`, `excerpt`, `content`, `thumbnail_url`, `category_id`, `author_id`, `views`, `created_at`, `updated_at`) VALUES (404, 'Bài viết mẫu 2 - Nghiệp vụ tại VPS', 'bai-viet-mau-2-nghiep-vu-tai-vps', 'Đây là đoạn trích mẫu cho bài viết số 2 thuộc danh mục Nghiệp vụ tại VPS. Nội dung này được tạo tự động.', '<p>Đây là đoạn trích mẫu cho bài viết số 2 thuộc danh mục Nghiệp vụ tại VPS. Nội dung này được tạo tự động.</p><p>Lorem ipsum...</p>', 'https://alias.vn/wp-content/uploads/2022/07/cropped-banner_2-1.png', 7, 1, 0, '2022-01-01 07:00:00', '2025-11-21 21:43:27');
INSERT INTO `posts` (`id`, `title`, `slug`, `excerpt`, `content`, `thumbnail_url`, `category_id`, `author_id`, `views`, `created_at`, `updated_at`) VALUES (405, 'Bài viết mẫu 3 - Nghiệp vụ tại VPS', 'bai-viet-mau-3-nghiep-vu-tai-vps', 'Đây là đoạn trích mẫu cho bài viết số 3 thuộc danh mục Nghiệp vụ tại VPS. Nội dung này được tạo tự động.', '<p>Đây là đoạn trích mẫu cho bài viết số 3 thuộc danh mục Nghiệp vụ tại VPS. Nội dung này được tạo tự động.</p><p>Lorem ipsum...</p>', 'https://alias.vn/wp-content/uploads/2022/07/cropped-banner_2-1.png', 7, 1, 0, '2022-01-01 07:00:00', '2025-11-21 21:43:27');
INSERT INTO `posts` (`id`, `title`, `slug`, `excerpt`, `content`, `thumbnail_url`, `category_id`, `author_id`, `views`, `created_at`, `updated_at`) VALUES (406, 'Bài viết mẫu 4 - Nghiệp vụ tại VPS', 'bai-viet-mau-4-nghiep-vu-tai-vps', 'Đây là đoạn trích mẫu cho bài viết số 4 thuộc danh mục Nghiệp vụ tại VPS. Nội dung này được tạo tự động.', '<p>Đây là đoạn trích mẫu cho bài viết số 4 thuộc danh mục Nghiệp vụ tại VPS. Nội dung này được tạo tự động.</p><p>Lorem ipsum...</p>', 'https://alias.vn/wp-content/uploads/2022/07/cropped-banner_2-1.png', 7, 1, 0, '2022-01-01 07:00:00', '2025-11-21 21:43:27');
INSERT INTO `posts` (`id`, `title`, `slug`, `excerpt`, `content`, `thumbnail_url`, `category_id`, `author_id`, `views`, `created_at`, `updated_at`) VALUES (407, 'Bài viết mẫu 5 - Nghiệp vụ tại VPS', 'bai-viet-mau-5-nghiep-vu-tai-vps', 'Đây là đoạn trích mẫu cho bài viết số 5 thuộc danh mục Nghiệp vụ tại VPS. Nội dung này được tạo tự động.', '<p>Đây là đoạn trích mẫu cho bài viết số 5 thuộc danh mục Nghiệp vụ tại VPS. Nội dung này được tạo tự động.</p><p>Lorem ipsum...</p>', 'https://alias.vn/wp-content/uploads/2022/07/cropped-banner_2-1.png', 7, 1, 0, '2022-01-01 07:00:00', '2025-11-21 21:43:27');
INSERT INTO `posts` (`id`, `title`, `slug`, `excerpt`, `content`, `thumbnail_url`, `category_id`, `author_id`, `views`, `created_at`, `updated_at`) VALUES (408, 'Bài viết mẫu 6 - Nghiệp vụ tại VPS', 'bai-viet-mau-6-nghiep-vu-tai-vps', 'Đây là đoạn trích mẫu cho bài viết số 6 thuộc danh mục Nghiệp vụ tại VPS. Nội dung này được tạo tự động.', '<p>Đây là đoạn trích mẫu cho bài viết số 6 thuộc danh mục Nghiệp vụ tại VPS. Nội dung này được tạo tự động.</p><p>Lorem ipsum...</p>', 'https://alias.vn/wp-content/uploads/2022/07/cropped-banner_2-1.png', 7, 1, 0, '2022-01-01 07:00:00', '2025-11-21 21:43:27');
INSERT INTO `posts` (`id`, `title`, `slug`, `excerpt`, `content`, `thumbnail_url`, `category_id`, `author_id`, `views`, `created_at`, `updated_at`) VALUES (409, 'Bài viết mẫu 7 - Nghiệp vụ tại VPS', 'bai-viet-mau-7-nghiep-vu-tai-vps', 'Đây là đoạn trích mẫu cho bài viết số 7 thuộc danh mục Nghiệp vụ tại VPS. Nội dung này được tạo tự động.', '<p>Đây là đoạn trích mẫu cho bài viết số 7 thuộc danh mục Nghiệp vụ tại VPS. Nội dung này được tạo tự động.</p><p>Lorem ipsum...</p>', 'https://alias.vn/wp-content/uploads/2022/07/cropped-banner_2-1.png', 7, 1, 0, '2022-01-01 07:00:00', '2025-11-21 21:43:27');
INSERT INTO `posts` (`id`, `title`, `slug`, `excerpt`, `content`, `thumbnail_url`, `category_id`, `author_id`, `views`, `created_at`, `updated_at`) VALUES (410, 'Bài viết mẫu 8 - Nghiệp vụ tại VPS', 'bai-viet-mau-8-nghiep-vu-tai-vps', 'Đây là đoạn trích mẫu cho bài viết số 8 thuộc danh mục Nghiệp vụ tại VPS. Nội dung này được tạo tự động.', '<p>Đây là đoạn trích mẫu cho bài viết số 8 thuộc danh mục Nghiệp vụ tại VPS. Nội dung này được tạo tự động.</p><p>Lorem ipsum...</p>', 'https://alias.vn/wp-content/uploads/2022/07/cropped-banner_2-1.png', 7, 1, 0, '2022-01-01 07:00:00', '2025-11-21 21:43:27');
INSERT INTO `posts` (`id`, `title`, `slug`, `excerpt`, `content`, `thumbnail_url`, `category_id`, `author_id`, `views`, `created_at`, `updated_at`) VALUES (411, 'Bài viết mẫu 9 - Nghiệp vụ tại VPS', 'bai-viet-mau-9-nghiep-vu-tai-vps', 'Đây là đoạn trích mẫu cho bài viết số 9 thuộc danh mục Nghiệp vụ tại VPS. Nội dung này được tạo tự động.', '<p>Đây là đoạn trích mẫu cho bài viết số 9 thuộc danh mục Nghiệp vụ tại VPS. Nội dung này được tạo tự động.</p><p>Lorem ipsum...</p>', 'https://alias.vn/wp-content/uploads/2022/07/cropped-banner_2-1.png', 7, 1, 0, '2022-01-01 07:00:00', '2025-11-21 21:43:27');
INSERT INTO `posts` (`id`, `title`, `slug`, `excerpt`, `content`, `thumbnail_url`, `category_id`, `author_id`, `views`, `created_at`, `updated_at`) VALUES (412, 'Bài viết mẫu 10 - Nghiệp vụ tại VPS', 'bai-viet-mau-10-nghiep-vu-tai-vps', 'Đây là đoạn trích mẫu cho bài viết số 10 thuộc danh mục Nghiệp vụ tại VPS. Nội dung này được tạo tự động.', '<p>Đây là đoạn trích mẫu cho bài viết số 10 thuộc danh mục Nghiệp vụ tại VPS. Nội dung này được tạo tự động.</p><p>Lorem ipsum...</p>', 'https://alias.vn/wp-content/uploads/2022/07/cropped-banner_2-1.png', 7, 1, 0, '2022-01-01 07:00:00', '2025-11-21 21:43:27');
INSERT INTO `posts` (`id`, `title`, `slug`, `excerpt`, `content`, `thumbnail_url`, `category_id`, `author_id`, `views`, `created_at`, `updated_at`) VALUES (413, 'Bài viết mẫu 11 - Nghiệp vụ tại VPS', 'bai-viet-mau-11-nghiep-vu-tai-vps', 'Đây là đoạn trích mẫu cho bài viết số 11 thuộc danh mục Nghiệp vụ tại VPS. Nội dung này được tạo tự động.', '<p>Đây là đoạn trích mẫu cho bài viết số 11 thuộc danh mục Nghiệp vụ tại VPS. Nội dung này được tạo tự động.</p><p>Lorem ipsum...</p>', 'https://alias.vn/wp-content/uploads/2022/07/cropped-banner_2-1.png', 7, 1, 0, '2022-01-01 07:00:00', '2025-11-21 21:43:27');
INSERT INTO `posts` (`id`, `title`, `slug`, `excerpt`, `content`, `thumbnail_url`, `category_id`, `author_id`, `views`, `created_at`, `updated_at`) VALUES (414, 'Bài viết mẫu 12 - Nghiệp vụ tại VPS', 'bai-viet-mau-12-nghiep-vu-tai-vps', 'Đây là đoạn trích mẫu cho bài viết số 12 thuộc danh mục Nghiệp vụ tại VPS. Nội dung này được tạo tự động.', '<p>Đây là đoạn trích mẫu cho bài viết số 12 thuộc danh mục Nghiệp vụ tại VPS. Nội dung này được tạo tự động.</p><p>Lorem ipsum...</p>', 'https://alias.vn/wp-content/uploads/2022/07/cropped-banner_2-1.png', 7, 1, 0, '2022-01-01 07:00:00', '2025-11-21 21:43:27');
INSERT INTO `posts` (`id`, `title`, `slug`, `excerpt`, `content`, `thumbnail_url`, `category_id`, `author_id`, `views`, `created_at`, `updated_at`) VALUES (415, 'Bài viết mẫu 13 - Nghiệp vụ tại VPS', 'bai-viet-mau-13-nghiep-vu-tai-vps', 'Đây là đoạn trích mẫu cho bài viết số 13 thuộc danh mục Nghiệp vụ tại VPS. Nội dung này được tạo tự động.', '<p>Đây là đoạn trích mẫu cho bài viết số 13 thuộc danh mục Nghiệp vụ tại VPS. Nội dung này được tạo tự động.</p><p>Lorem ipsum...</p>', 'https://alias.vn/wp-content/uploads/2022/07/cropped-banner_2-1.png', 7, 1, 0, '2022-01-01 07:00:00', '2025-11-21 21:43:27');
INSERT INTO `posts` (`id`, `title`, `slug`, `excerpt`, `content`, `thumbnail_url`, `category_id`, `author_id`, `views`, `created_at`, `updated_at`) VALUES (416, 'Bài viết mẫu 14 - Nghiệp vụ tại VPS', 'bai-viet-mau-14-nghiep-vu-tai-vps', 'Đây là đoạn trích mẫu cho bài viết số 14 thuộc danh mục Nghiệp vụ tại VPS. Nội dung này được tạo tự động.', '<p>Đây là đoạn trích mẫu cho bài viết số 14 thuộc danh mục Nghiệp vụ tại VPS. Nội dung này được tạo tự động.</p><p>Lorem ipsum...</p>', 'https://alias.vn/wp-content/uploads/2022/07/cropped-banner_2-1.png', 7, 1, 0, '2022-01-01 07:00:00', '2025-11-21 21:43:27');
INSERT INTO `posts` (`id`, `title`, `slug`, `excerpt`, `content`, `thumbnail_url`, `category_id`, `author_id`, `views`, `created_at`, `updated_at`) VALUES (417, 'Bài viết mẫu 15 - Nghiệp vụ tại VPS', 'bai-viet-mau-15-nghiep-vu-tai-vps', 'Đây là đoạn trích mẫu cho bài viết số 15 thuộc danh mục Nghiệp vụ tại VPS. Nội dung này được tạo tự động.', '<p>Đây là đoạn trích mẫu cho bài viết số 15 thuộc danh mục Nghiệp vụ tại VPS. Nội dung này được tạo tự động.</p><p>Lorem ipsum...</p>', 'https://alias.vn/wp-content/uploads/2022/07/cropped-banner_2-1.png', 7, 1, 0, '2022-01-01 07:00:00', '2025-11-21 21:43:27');
INSERT INTO `posts` (`id`, `title`, `slug`, `excerpt`, `content`, `thumbnail_url`, `category_id`, `author_id`, `views`, `created_at`, `updated_at`) VALUES (418, 'Bài viết mẫu 16 - Nghiệp vụ tại VPS', 'bai-viet-mau-16-nghiep-vu-tai-vps', 'Đây là đoạn trích mẫu cho bài viết số 16 thuộc danh mục Nghiệp vụ tại VPS. Nội dung này được tạo tự động.', '<p>Đây là đoạn trích mẫu cho bài viết số 16 thuộc danh mục Nghiệp vụ tại VPS. Nội dung này được tạo tự động.</p><p>Lorem ipsum...</p>', 'https://alias.vn/wp-content/uploads/2022/07/cropped-banner_2-1.png', 7, 1, 0, '2022-01-01 07:00:00', '2025-11-21 21:43:27');
INSERT INTO `posts` (`id`, `title`, `slug`, `excerpt`, `content`, `thumbnail_url`, `category_id`, `author_id`, `views`, `created_at`, `updated_at`) VALUES (419, 'Bài viết mẫu 17 - Nghiệp vụ tại VPS', 'bai-viet-mau-17-nghiep-vu-tai-vps', 'Đây là đoạn trích mẫu cho bài viết số 17 thuộc danh mục Nghiệp vụ tại VPS. Nội dung này được tạo tự động.', '<p>Đây là đoạn trích mẫu cho bài viết số 17 thuộc danh mục Nghiệp vụ tại VPS. Nội dung này được tạo tự động.</p><p>Lorem ipsum...</p>', 'https://alias.vn/wp-content/uploads/2022/07/cropped-banner_2-1.png', 7, 1, 0, '2022-01-01 07:00:00', '2025-11-21 21:43:27');
INSERT INTO `posts` (`id`, `title`, `slug`, `excerpt`, `content`, `thumbnail_url`, `category_id`, `author_id`, `views`, `created_at`, `updated_at`) VALUES (420, 'Bài viết mẫu 18 - Nghiệp vụ tại VPS', 'bai-viet-mau-18-nghiep-vu-tai-vps', 'Đây là đoạn trích mẫu cho bài viết số 18 thuộc danh mục Nghiệp vụ tại VPS. Nội dung này được tạo tự động.', '<p>Đây là đoạn trích mẫu cho bài viết số 18 thuộc danh mục Nghiệp vụ tại VPS. Nội dung này được tạo tự động.</p><p>Lorem ipsum...</p>', 'https://alias.vn/wp-content/uploads/2022/07/cropped-banner_2-1.png', 7, 1, 0, '2022-01-01 07:00:00', '2025-11-21 21:43:27');
INSERT INTO `posts` (`id`, `title`, `slug`, `excerpt`, `content`, `thumbnail_url`, `category_id`, `author_id`, `views`, `created_at`, `updated_at`) VALUES (421, 'Bài viết mẫu 19 - Nghiệp vụ tại VPS', 'bai-viet-mau-19-nghiep-vu-tai-vps', 'Đây là đoạn trích mẫu cho bài viết số 19 thuộc danh mục Nghiệp vụ tại VPS. Nội dung này được tạo tự động.', '<p>Đây là đoạn trích mẫu cho bài viết số 19 thuộc danh mục Nghiệp vụ tại VPS. Nội dung này được tạo tự động.</p><p>Lorem ipsum...</p>', 'https://alias.vn/wp-content/uploads/2022/07/cropped-banner_2-1.png', 7, 1, 0, '2022-01-01 07:00:00', '2025-11-21 21:43:27');
INSERT INTO `posts` (`id`, `title`, `slug`, `excerpt`, `content`, `thumbnail_url`, `category_id`, `author_id`, `views`, `created_at`, `updated_at`) VALUES (422, 'Bài viết mẫu 20 - Nghiệp vụ tại VPS', 'bai-viet-mau-20-nghiep-vu-tai-vps', 'Đây là đoạn trích mẫu cho bài viết số 20 thuộc danh mục Nghiệp vụ tại VPS. Nội dung này được tạo tự động.', '<p>Đây là đoạn trích mẫu cho bài viết số 20 thuộc danh mục Nghiệp vụ tại VPS. Nội dung này được tạo tự động.</p><p>Lorem ipsum...</p>', 'https://alias.vn/wp-content/uploads/2022/07/cropped-banner_2-1.png', 7, 1, 0, '2022-01-01 07:00:00', '2025-11-21 21:43:27');
INSERT INTO `posts` (`id`, `title`, `slug`, `excerpt`, `content`, `thumbnail_url`, `category_id`, `author_id`, `views`, `created_at`, `updated_at`) VALUES (423, 'Bài viết mẫu 21 - Nghiệp vụ tại VPS', 'bai-viet-mau-21-nghiep-vu-tai-vps', 'Đây là đoạn trích mẫu cho bài viết số 21 thuộc danh mục Nghiệp vụ tại VPS. Nội dung này được tạo tự động.', '<p>Đây là đoạn trích mẫu cho bài viết số 21 thuộc danh mục Nghiệp vụ tại VPS. Nội dung này được tạo tự động.</p><p>Lorem ipsum...</p>', 'https://alias.vn/wp-content/uploads/2022/07/cropped-banner_2-1.png', 7, 1, 0, '2022-01-01 07:00:00', '2025-11-21 21:43:27');
INSERT INTO `posts` (`id`, `title`, `slug`, `excerpt`, `content`, `thumbnail_url`, `category_id`, `author_id`, `views`, `created_at`, `updated_at`) VALUES (424, 'Bài viết mẫu 22 - Nghiệp vụ tại VPS', 'bai-viet-mau-22-nghiep-vu-tai-vps', 'Đây là đoạn trích mẫu cho bài viết số 22 thuộc danh mục Nghiệp vụ tại VPS. Nội dung này được tạo tự động.', '<p>Đây là đoạn trích mẫu cho bài viết số 22 thuộc danh mục Nghiệp vụ tại VPS. Nội dung này được tạo tự động.</p><p>Lorem ipsum...</p>', 'https://alias.vn/wp-content/uploads/2022/07/cropped-banner_2-1.png', 7, 1, 0, '2022-01-01 07:00:00', '2025-11-21 21:43:27');
INSERT INTO `posts` (`id`, `title`, `slug`, `excerpt`, `content`, `thumbnail_url`, `category_id`, `author_id`, `views`, `created_at`, `updated_at`) VALUES (425, 'Bài viết mẫu 23 - Nghiệp vụ tại VPS', 'bai-viet-mau-23-nghiep-vu-tai-vps', 'Đây là đoạn trích mẫu cho bài viết số 23 thuộc danh mục Nghiệp vụ tại VPS. Nội dung này được tạo tự động.', '<p>Đây là đoạn trích mẫu cho bài viết số 23 thuộc danh mục Nghiệp vụ tại VPS. Nội dung này được tạo tự động.</p><p>Lorem ipsum...</p>', 'https://alias.vn/wp-content/uploads/2022/07/cropped-banner_2-1.png', 7, 1, 0, '2022-01-01 07:00:00', '2025-11-21 21:43:27');
INSERT INTO `posts` (`id`, `title`, `slug`, `excerpt`, `content`, `thumbnail_url`, `category_id`, `author_id`, `views`, `created_at`, `updated_at`) VALUES (426, 'Bài viết mẫu 24 - Nghiệp vụ tại VPS', 'bai-viet-mau-24-nghiep-vu-tai-vps', 'Đây là đoạn trích mẫu cho bài viết số 24 thuộc danh mục Nghiệp vụ tại VPS. Nội dung này được tạo tự động.', '<p>Đây là đoạn trích mẫu cho bài viết số 24 thuộc danh mục Nghiệp vụ tại VPS. Nội dung này được tạo tự động.</p><p>Lorem ipsum...</p>', 'https://alias.vn/wp-content/uploads/2022/07/cropped-banner_2-1.png', 7, 1, 0, '2022-01-01 07:00:00', '2025-11-21 21:43:27');
INSERT INTO `posts` (`id`, `title`, `slug`, `excerpt`, `content`, `thumbnail_url`, `category_id`, `author_id`, `views`, `created_at`, `updated_at`) VALUES (427, 'Bài viết mẫu 25 - Nghiệp vụ tại VPS', 'bai-viet-mau-25-nghiep-vu-tai-vps', 'Đây là đoạn trích mẫu cho bài viết số 25 thuộc danh mục Nghiệp vụ tại VPS. Nội dung này được tạo tự động.', '<p>Đây là đoạn trích mẫu cho bài viết số 25 thuộc danh mục Nghiệp vụ tại VPS. Nội dung này được tạo tự động.</p><p>Lorem ipsum...</p>', 'https://alias.vn/wp-content/uploads/2022/07/cropped-banner_2-1.png', 7, 1, 0, '2022-01-01 07:00:00', '2025-11-21 21:43:27');
INSERT INTO `posts` (`id`, `title`, `slug`, `excerpt`, `content`, `thumbnail_url`, `category_id`, `author_id`, `views`, `created_at`, `updated_at`) VALUES (428, 'Bài viết mẫu 26 - Nghiệp vụ tại VPS', 'bai-viet-mau-26-nghiep-vu-tai-vps', 'Đây là đoạn trích mẫu cho bài viết số 26 thuộc danh mục Nghiệp vụ tại VPS. Nội dung này được tạo tự động.', '<p>Đây là đoạn trích mẫu cho bài viết số 26 thuộc danh mục Nghiệp vụ tại VPS. Nội dung này được tạo tự động.</p><p>Lorem ipsum...</p>', 'https://alias.vn/wp-content/uploads/2022/07/cropped-banner_2-1.png', 7, 1, 0, '2022-01-01 07:00:00', '2025-11-21 21:43:27');
INSERT INTO `posts` (`id`, `title`, `slug`, `excerpt`, `content`, `thumbnail_url`, `category_id`, `author_id`, `views`, `created_at`, `updated_at`) VALUES (429, 'Bài viết mẫu 27 - Nghiệp vụ tại VPS', 'bai-viet-mau-27-nghiep-vu-tai-vps', 'Đây là đoạn trích mẫu cho bài viết số 27 thuộc danh mục Nghiệp vụ tại VPS. Nội dung này được tạo tự động.', '<p>Đây là đoạn trích mẫu cho bài viết số 27 thuộc danh mục Nghiệp vụ tại VPS. Nội dung này được tạo tự động.</p><p>Lorem ipsum...</p>', 'https://alias.vn/wp-content/uploads/2022/07/cropped-banner_2-1.png', 7, 1, 0, '2022-01-01 07:00:00', '2025-11-21 21:43:27');
INSERT INTO `posts` (`id`, `title`, `slug`, `excerpt`, `content`, `thumbnail_url`, `category_id`, `author_id`, `views`, `created_at`, `updated_at`) VALUES (430, 'Bài viết mẫu 28 - Nghiệp vụ tại VPS', 'bai-viet-mau-28-nghiep-vu-tai-vps', 'Đây là đoạn trích mẫu cho bài viết số 28 thuộc danh mục Nghiệp vụ tại VPS. Nội dung này được tạo tự động.', '<p>Đây là đoạn trích mẫu cho bài viết số 28 thuộc danh mục Nghiệp vụ tại VPS. Nội dung này được tạo tự động.</p><p>Lorem ipsum...</p>', 'https://alias.vn/wp-content/uploads/2022/07/cropped-banner_2-1.png', 7, 1, 0, '2022-01-01 07:00:00', '2025-11-21 21:43:27');
INSERT INTO `posts` (`id`, `title`, `slug`, `excerpt`, `content`, `thumbnail_url`, `category_id`, `author_id`, `views`, `created_at`, `updated_at`) VALUES (431, 'Bài viết mẫu 29 - Nghiệp vụ tại VPS', 'bai-viet-mau-29-nghiep-vu-tai-vps', 'Đây là đoạn trích mẫu cho bài viết số 29 thuộc danh mục Nghiệp vụ tại VPS. Nội dung này được tạo tự động.', '<p>Đây là đoạn trích mẫu cho bài viết số 29 thuộc danh mục Nghiệp vụ tại VPS. Nội dung này được tạo tự động.</p><p>Lorem ipsum...</p>', 'https://alias.vn/wp-content/uploads/2022/07/cropped-banner_2-1.png', 7, 1, 0, '2022-01-01 07:00:00', '2025-11-21 21:43:27');
INSERT INTO `posts` (`id`, `title`, `slug`, `excerpt`, `content`, `thumbnail_url`, `category_id`, `author_id`, `views`, `created_at`, `updated_at`) VALUES (432, 'Bài viết mẫu 30 - Nghiệp vụ tại VPS', 'bai-viet-mau-30-nghiep-vu-tai-vps', 'Đây là đoạn trích mẫu cho bài viết số 30 thuộc danh mục Nghiệp vụ tại VPS. Nội dung này được tạo tự động.', '<p>Đây là đoạn trích mẫu cho bài viết số 30 thuộc danh mục Nghiệp vụ tại VPS. Nội dung này được tạo tự động.</p><p>Lorem ipsum...</p>', 'https://alias.vn/wp-content/uploads/2022/07/cropped-banner_2-1.png', 7, 1, 0, '2022-01-01 07:00:00', '2025-11-21 21:43:27');
COMMIT;

-- ----------------------------
-- Table structure for users
-- ----------------------------
DROP TABLE IF EXISTS `users`;
CREATE TABLE `users` (
  `id` int NOT NULL AUTO_INCREMENT,
  `username` varchar(255) NOT NULL,
  `password_hash` varchar(255) NOT NULL,
  `role` varchar(50) DEFAULT 'admin',
  `created_at` timestamp NULL DEFAULT CURRENT_TIMESTAMP,
  PRIMARY KEY (`id`),
  UNIQUE KEY `username` (`username`)
) ENGINE=InnoDB AUTO_INCREMENT=3 DEFAULT CHARSET=utf8mb4 COLLATE=utf8mb4_0900_ai_ci;

-- ----------------------------
-- Records of users
-- ----------------------------
BEGIN;
INSERT INTO `users` (`id`, `username`, `password_hash`, `role`, `created_at`) VALUES (1, 'root', '$2b$10$e9wV1zEox6OLvEbyPWmMyu57Bj3II9QHxxEsGXW/CtidiRgQQbiz.', 'admin', '2025-11-21 20:58:17');
INSERT INTO `users` (`id`, `username`, `password_hash`, `role`, `created_at`) VALUES (2, 'admin', '$2b$10$Qpt6SY3eHDx1ndt5cKtI/uM1b6DvnD/r2I1VkXUjnn92ls.JzYiJK', 'admin', '2025-11-21 21:14:53');
COMMIT;

SET FOREIGN_KEY_CHECKS = 1;
